Date,Actividad(%),Activos,AdjClose,Births,Close,Close_DJ,Debt_per_capita,Defunciones,Euribor,GDP_Value,High,High_DJ,High_EUR,IPC,Low,Low_DJ,Low_EUR,Ocupados,Open,Open_DJ,Open_EUR,Parados,Paro(%),Percentage,Price_EUR,Total_debt
2005-01-02,57.38,20857.4,9080.791016,1277.0,9080.799805,10800.3,8941.0,1061.0,2.3121,0.9816,9118.799805,10880.03,1.3662,-0.1,9080.799805,10781.67,1.3511,18736.1,9105.400391,10829.12,1.3638,2121.3,10.17,42.4,1.3558,393479.0
2005-01-03,57.38,20857.4,9124.09082,1277.0,9124.099609,10729.43,8941.0,1061.0,2.3121,0.9816,9154.299805,10892.67,1.3582,-0.8,9057.5,10694.18,1.3386,18736.1,9085.200195,10783.75,1.3547,2121.3,10.17,42.4,1.3463,393479.0
2005-01-04,57.38,20857.4,9119.991211,1277.0,9120.0,10630.78,8941.0,1061.0,2.3121,0.9816,9139.900391,10803.62,1.3496,-0.8,9094.200195,10587.48,1.3249,18736.1,9117.599609,10727.81,1.3466,2121.3,10.17,42.4,1.3272,393479.0
2005-01-05,57.38,20857.4,9024.391602,1277.0,9024.400391,10597.83,8941.0,1061.0,2.3121,0.9816,9066.200195,10736.16,1.3305,-0.8,9018.700195,10561.03,1.3215,18736.1,9064.400391,10629.53,1.3282,2121.3,10.17,42.4,1.3262,393479.0
2005-01-06,57.38,20857.4,9024.391602,1277.0,9024.400391,10597.83,8941.0,1061.0,2.3121,0.9816,9066.200195,10736.16,1.3286,-0.8,9018.700195,10561.03,1.3156,18736.1,9064.400391,10629.53,1.3262,2121.3,10.17,42.4,1.3171,393479.0
2005-01-07,57.38,20857.4,9041.09082,1277.0,9041.099609,10603.96,8941.0,1061.0,2.3121,0.9816,9072.900391,10697.81,1.3251,-0.8,9008.900391,10545.8,1.3024,18736.1,9055.400391,10624.8,1.3171,2121.3,10.17,42.4,1.3054,393479.0
2005-01-08,57.38,20857.4,9041.09082,1277.0,9041.099609,10603.96,8941.0,1061.0,2.3121,0.9816,9072.900391,10697.81,1.3251,-0.8,9008.900391,10545.8,1.3024,18736.1,9055.400391,10624.8,1.3171,2121.3,10.17,42.4,1.3054,393479.0
2005-01-09,57.38,20857.4,9041.09082,1277.0,9041.099609,10603.96,8941.0,1061.0,2.3121,0.9816,9072.900391,10697.81,1.3251,-0.8,9008.900391,10545.8,1.3024,18736.1,9055.400391,10624.8,1.3171,2121.3,10.17,42.4,1.3054,393479.0
2005-01-10,57.38,20857.4,9028.491211,1277.0,9028.5,10621.03,8941.0,1061.0,2.3121,0.9816,9058.799805,10696.85,1.3124,-0.8,9003.599609,10544.99,1.3049,18736.1,9045.599609,10603.44,1.3061,2121.3,10.17,42.4,1.3084,393479.0
2005-01-11,57.38,20857.4,8966.391602,1277.0,8966.400391,10556.22,8941.0,1061.0,2.3121,0.9816,9052.200195,10632.63,1.3172,-0.8,8952.099609,10504.72,1.3066,18736.1,9039.400391,10619.77,1.308,2121.3,10.17,42.4,1.3114,393479.0
2005-01-12,57.38,20857.4,8945.691406,1277.0,8945.700195,10617.78,8941.0,1061.0,2.3121,0.9816,8983.599609,10648.52,1.3294,-0.8,8919.900391,10481.37,1.3082,18736.1,8971.400391,10561.32,1.3109,2121.3,10.17,42.4,1.3265,393479.0
2005-01-13,57.38,20857.4,9016.791016,1277.0,9016.799805,10505.83,8941.0,1061.0,2.3121,0.9816,9016.799805,10650.96,1.3268,-0.8,8972.0,10463.26,1.3192,18736.1,8974.799805,10617.41,1.3257,2121.3,10.17,42.4,1.3218,393479.0
2005-01-14,57.38,20857.4,9025.09082,1277.0,9025.099609,10558.0,8941.0,1061.0,2.3121,0.9816,9033.599609,10606.47,1.3226,-0.8,8968.400391,10475.01,1.3056,18736.1,8970.299805,10506.71,1.3218,2121.3,10.17,42.4,1.3106,393479.0
2005-01-15,57.38,20857.4,9025.09082,1277.0,9025.099609,10558.0,8941.0,1061.0,2.3121,0.9816,9033.599609,10606.47,1.3226,-0.8,8968.400391,10475.01,1.3056,18736.1,8970.299805,10506.71,1.3218,2121.3,10.17,42.4,1.3106,393479.0
2005-01-16,57.38,20857.4,9025.09082,1277.0,9025.099609,10558.0,8941.0,1061.0,2.3121,0.9816,9033.599609,10606.47,1.3226,-0.8,8968.400391,10475.01,1.3056,18736.1,8970.299805,10506.71,1.3218,2121.3,10.17,42.4,1.3106,393479.0
2005-01-17,57.38,20857.4,9094.391602,1277.0,9094.400391,10558.0,8941.0,1061.0,2.3121,0.9816,9094.400391,10606.47,1.3129,-0.8,9040.200195,10475.01,1.3064,18736.1,9040.200195,10506.71,1.3102,2121.3,10.17,42.4,1.3064,393479.0
2005-01-18,57.38,20857.4,9096.891602,1277.0,9096.900391,10628.79,8941.0,1061.0,2.3121,0.9816,9104.799805,10665.44,1.3076,-0.8,9040.700195,10456.61,1.2994,18736.1,9085.799805,10554.23,1.3061,2121.3,10.17,42.4,1.3027,393479.0
2005-01-19,57.38,20857.4,9087.59082,1277.0,9087.599609,10539.97,8941.0,1061.0,2.3121,0.9816,9137.099609,10668.4,1.3119,-0.8,9086.5,10519.2,1.2963,18736.1,9113.0,10626.05,1.3024,2121.3,10.17,42.4,1.3001,393479.0
2005-01-20,57.38,20857.4,9017.691406,1277.0,9017.700195,10471.47,8941.0,1061.0,2.3121,0.9816,9055.599609,10582.09,1.3025,-0.8,9002.400391,10414.72,1.2921,18736.1,9034.799805,10538.9,1.3009,2121.3,10.17,42.4,1.2968,393479.0
2005-01-21,57.38,20857.4,8999.391602,1277.0,8999.400391,10392.99,8941.0,1061.0,2.3121,0.9816,9029.599609,10541.3,1.3069,-0.8,8985.299805,10370.97,1.293,18736.1,9001.200195,10471.98,1.2966,2121.3,10.17,42.4,1.305,393479.0
2005-01-22,57.38,20857.4,8999.391602,1277.0,8999.400391,10392.99,8941.0,1061.0,2.3121,0.9816,9029.599609,10541.3,1.3069,-0.8,8985.299805,10370.97,1.293,18736.1,9001.200195,10471.98,1.2966,2121.3,10.17,42.4,1.305,393479.0
2005-01-23,57.38,20857.4,8999.391602,1277.0,8999.400391,10392.99,8941.0,1061.0,2.3121,0.9816,9029.599609,10541.3,1.3069,-0.8,8985.299805,10370.97,1.293,18736.1,9001.200195,10471.98,1.2966,2121.3,10.17,42.4,1.305,393479.0
2005-01-24,57.38,20857.4,8967.09082,1277.0,8967.099609,10368.61,8941.0,1061.0,2.3121,0.9816,8984.299805,10491.71,1.3102,-0.8,8907.0,10317.1,1.3026,18736.1,8981.900391,10393.58,1.3039,2121.3,10.17,42.4,1.3056,393479.0
2005-01-25,57.38,20857.4,9033.191406,1277.0,9033.200195,10461.56,8941.0,1061.0,2.3121,0.9816,9045.5,10534.72,1.3079,-0.8,8950.5,10387.23,1.2943,18736.1,8954.900391,10369.42,1.3056,2121.3,10.17,42.4,1.2974,393479.0
2005-01-26,57.38,20857.4,9058.09082,1277.0,9058.099609,10498.59,8941.0,1061.0,2.3121,0.9816,9075.200195,10571.66,1.3109,-0.8,9028.400391,10433.56,1.2964,18736.1,9044.599609,10463.19,1.297,2121.3,10.17,42.4,1.3084,393479.0
2005-01-27,57.38,20857.4,9125.291016,1277.0,9125.299805,10467.4,8941.0,1061.0,2.3121,0.9816,9125.299805,10535.16,1.3126,-0.8,9060.099609,10379.47,1.301,18736.1,9080.599609,10498.14,1.3083,2121.3,10.17,42.4,1.3035,393479.0
2005-01-28,57.38,20857.4,9139.391602,1277.0,9139.400391,10427.2,8941.0,1061.0,2.3121,0.9816,9164.599609,10520.61,1.3084,-0.8,9115.900391,10331.58,1.2985,18736.1,9124.700195,10470.58,1.3043,2121.3,10.17,42.4,1.3044,393479.0
2005-01-29,57.38,20857.4,9139.391602,1277.0,9139.400391,10427.2,8941.0,1061.0,2.3121,0.9816,9164.599609,10520.61,1.3084,-0.8,9115.900391,10331.58,1.2985,18736.1,9124.700195,10470.58,1.3043,2121.3,10.17,42.4,1.3044,393479.0
2005-01-30,57.38,20857.4,9139.391602,1277.0,9139.400391,10427.2,8941.0,1061.0,2.3121,0.9816,9164.599609,10520.61,1.3084,-0.8,9115.900391,10331.58,1.2985,18736.1,9124.700195,10470.58,1.3043,2121.3,10.17,42.4,1.3044,393479.0
2005-01-31,57.38,20857.4,9223.890625,1277.0,9223.900391,10489.94,8941.0,1061.0,2.3121,0.9816,9224.599609,10559.77,1.306,-0.8,9161.900391,10414.49,1.2974,18736.1,9163.200195,10428.76,1.3034,2121.3,10.17,42.4,1.3034,393479.0
2005-02-01,57.38,20857.4,9256.990234,1277.0,9257.0,10551.94,8941.0,1061.0,2.31,0.9816,9257.0,10609.73,1.3069,0.3,9193.599609,10464.38,1.3001,18736.1,9218.900391,10489.72,1.3037,2121.3,10.17,42.4,1.3042,393479.0
2005-02-02,57.38,20857.4,9306.990234,1277.0,9307.0,10596.79,8941.0,1061.0,2.31,0.9816,9315.799805,10638.25,1.3096,0.3,9247.299805,10501.02,1.3009,18736.1,9260.200195,10551.05,1.3047,2121.3,10.17,42.4,1.3036,393479.0
2005-02-03,57.38,20857.4,9310.390625,1277.0,9310.400391,10593.1,8941.0,1061.0,2.31,0.9816,9331.599609,10640.69,1.3038,0.3,9280.799805,10511.96,1.2939,18736.1,9309.900391,10592.21,1.3026,2121.3,10.17,42.4,1.2973,393479.0
2005-02-04,57.38,20857.4,9422.490234,1277.0,9422.5,10716.13,8941.0,1061.0,2.31,0.9816,9422.5,10750.94,1.3044,0.3,9319.299805,10553.93,1.2863,18736.1,9321.200195,10593.17,1.2974,2121.3,10.17,42.4,1.2872,393479.0
2005-02-05,57.38,20857.4,9422.490234,1277.0,9422.5,10716.13,8941.0,1061.0,2.31,0.9816,9422.5,10750.94,1.3044,0.3,9319.299805,10553.93,1.2863,18736.1,9321.200195,10593.17,1.2974,2121.3,10.17,42.4,1.2872,393479.0
2005-02-06,57.38,20857.4,9422.490234,1277.0,9422.5,10716.13,8941.0,1061.0,2.31,0.9816,9422.5,10750.94,1.3044,0.3,9319.299805,10553.93,1.2863,18736.1,9321.200195,10593.17,1.2974,2121.3,10.17,42.4,1.2872,393479.0
2005-02-07,57.38,20857.4,9461.69043,1277.0,9461.700195,10715.76,8941.0,1061.0,2.31,0.9816,9487.099609,10774.8,1.2865,0.3,9446.200195,10650.59,1.273,18736.1,9449.099609,10715.76,1.2856,2121.3,10.17,42.4,1.2759,393479.0
2005-02-08,57.38,20857.4,9479.19043,1277.0,9479.200195,10724.63,8941.0,1061.0,2.31,0.9816,9490.5,10783.97,1.2801,0.3,9442.0,10647.85,1.2731,18736.1,9474.700195,10712.51,1.2761,2121.3,10.17,42.4,1.2769,393479.0
2005-02-09,57.38,20857.4,9450.790039,1277.0,9450.799805,10664.11,8941.0,1061.0,2.31,0.9816,9486.599609,10781.38,1.2817,0.3,9410.400391,10621.84,1.2739,18736.1,9485.5,10717.76,1.2766,2121.3,10.17,42.4,1.2805,393479.0
2005-02-10,57.38,20857.4,9451.19043,1277.0,9451.200195,10749.61,8941.0,1061.0,2.31,0.9816,9479.900391,10803.92,1.2907,0.3,9417.799805,10633.67,1.2739,18736.1,9447.799805,10665.0,1.2811,2121.3,10.17,42.4,1.2876,393479.0
2005-02-11,57.38,20857.4,9588.290039,1277.0,9588.299805,10796.01,8941.0,1061.0,2.31,0.9816,9588.299805,10865.69,1.2898,0.3,9468.099609,10680.15,1.2845,18736.1,9481.099609,10742.92,1.2877,2121.3,10.17,42.4,1.2866,393479.0
2005-02-12,57.38,20857.4,9588.290039,1277.0,9588.299805,10796.01,8941.0,1061.0,2.31,0.9816,9588.299805,10865.69,1.2898,0.3,9468.099609,10680.15,1.2845,18736.1,9481.099609,10742.92,1.2877,2121.3,10.17,42.4,1.2866,393479.0
2005-02-13,57.38,20857.4,9588.290039,1277.0,9588.299805,10796.01,8941.0,1061.0,2.31,0.9816,9588.299805,10865.69,1.2898,0.3,9468.099609,10680.15,1.2845,18736.1,9481.099609,10742.92,1.2877,2121.3,10.17,42.4,1.2866,393479.0
2005-02-14,57.38,20857.4,9584.990234,1277.0,9585.0,10791.13,8941.0,1061.0,2.31,0.9816,9592.200195,10853.8,1.2991,0.3,9559.400391,10722.63,1.2874,18736.1,9588.099609,10795.72,1.2879,2121.3,10.17,42.4,1.2963,393479.0
2005-02-15,57.38,20857.4,9634.290039,1277.0,9634.299805,10837.32,8941.0,1061.0,2.31,0.9816,9647.700195,10886.31,1.3054,0.3,9574.799805,10745.1,1.2954,18736.1,9579.0,10791.06,1.2976,2121.3,10.17,42.4,1.302,393479.0
2005-02-16,57.38,20857.4,9575.589844,1277.0,9575.599609,10834.88,8941.0,1061.0,2.31,0.9816,9619.799805,10889.78,1.3066,0.3,9540.200195,10746.21,1.2955,18736.1,9618.0,10832.03,1.3028,2121.3,10.17,42.4,1.3032,393479.0
2005-02-17,57.38,20857.4,9585.69043,1277.0,9585.700195,10754.26,8941.0,1061.0,2.31,0.9816,9638.5,10873.6,1.3091,0.3,9573.099609,10729.95,1.3014,18736.1,9584.5,10835.03,1.303,2121.3,10.17,42.4,1.307,393479.0
2005-02-18,57.38,20857.4,9570.089844,1277.0,9570.099609,10785.22,8941.0,1061.0,2.31,0.9816,9606.5,10854.98,1.3083,0.3,9557.099609,10682.29,1.3011,18736.1,9591.299805,10755.15,1.307,2121.3,10.17,42.4,1.3072,393479.0
2005-02-19,57.38,20857.4,9570.089844,1277.0,9570.099609,10785.22,8941.0,1061.0,2.31,0.9816,9606.5,10854.98,1.3083,0.3,9557.099609,10682.29,1.3011,18736.1,9591.299805,10755.15,1.307,2121.3,10.17,42.4,1.3072,393479.0
2005-02-20,57.38,20857.4,9570.089844,1277.0,9570.099609,10785.22,8941.0,1061.0,2.31,0.9816,9606.5,10854.98,1.3083,0.3,9557.099609,10682.29,1.3011,18736.1,9591.299805,10755.15,1.307,2121.3,10.17,42.4,1.3072,393479.0
2005-02-21,57.38,20857.4,9464.589844,1277.0,9464.599609,10785.22,8941.0,1061.0,2.31,0.9816,9596.299805,10854.98,1.3083,0.3,9453.799805,10682.29,1.3034,18736.1,9577.599609,10755.15,1.3048,2121.3,10.17,42.4,1.3063,393479.0
2005-02-22,57.38,20857.4,9350.290039,1277.0,9350.299805,10611.2,8941.0,1061.0,2.31,0.9816,9455.200195,10806.36,1.3264,0.3,9307.200195,10596.79,1.3054,18736.1,9448.299805,10783.38,1.3064,2121.3,10.17,42.4,1.3251,393479.0
2005-02-23,57.38,20857.4,9354.089844,1277.0,9354.099609,10673.79,8941.0,1061.0,2.31,0.9816,9357.400391,10735.42,1.3275,0.3,9261.400391,10583.64,1.3186,18736.1,9329.900391,10609.28,1.3254,2121.3,10.17,42.4,1.3213,393479.0
2005-02-24,57.38,20857.4,9352.589844,1277.0,9352.599609,10748.79,8941.0,1061.0,2.31,0.9816,9380.400391,10779.39,1.3272,0.3,9325.599609,10612.24,1.3175,18736.1,9377.200195,10672.24,1.3211,2121.3,10.17,42.4,1.3203,393479.0
2005-02-25,57.38,20857.4,9439.69043,1277.0,9439.700195,10841.6,8941.0,1061.0,2.31,0.9816,9444.599609,10871.53,1.3249,0.3,9402.299805,10698.32,1.3142,18736.1,9416.200195,10748.42,1.3196,2121.3,10.17,42.4,1.3243,393479.0
2005-02-26,57.38,20857.4,9439.69043,1277.0,9439.700195,10841.6,8941.0,1061.0,2.31,0.9816,9444.599609,10871.53,1.3249,0.3,9402.299805,10698.32,1.3142,18736.1,9416.200195,10748.42,1.3196,2121.3,10.17,42.4,1.3243,393479.0
2005-02-27,57.38,20857.4,9439.69043,1277.0,9439.700195,10841.6,8941.0,1061.0,2.31,0.9816,9444.599609,10871.53,1.3249,0.3,9402.299805,10698.32,1.3142,18736.1,9416.200195,10748.42,1.3196,2121.3,10.17,42.4,1.3243,393479.0
2005-02-28,57.38,20857.4,9390.990234,1277.0,9391.0,10766.23,8941.0,1061.0,2.31,0.9816,9467.099609,10877.07,1.3281,0.3,9380.900391,10709.41,1.3231,18736.1,9454.400391,10842.05,1.3244,2121.3,10.17,42.4,1.3237,393479.0
2005-03-01,57.38,20857.4,9472.290039,1277.0,9472.299805,10830.0,8941.0,1061.0,2.3348,0.9816,9476.0,10896.51,1.3234,0.8,9370.799805,10742.51,1.3167,18736.1,9372.200195,10769.04,1.3226,2121.3,10.17,42.4,1.3186,393479.0
2005-03-02,57.38,20857.4,9443.589844,1277.0,9443.599609,10811.97,8941.0,1061.0,2.3348,0.9816,9467.5,10896.66,1.319,0.8,9390.099609,10736.16,1.3087,18736.1,9464.599609,10825.68,1.3188,2121.3,10.17,42.4,1.3131,393479.0
2005-03-03,57.38,20857.4,9418.790039,1277.0,9418.799805,10833.03,8941.0,1061.0,2.3348,0.9816,9460.599609,10904.34,1.3168,0.8,9412.0,10744.14,1.3097,18736.1,9436.5,10812.27,1.3141,2121.3,10.17,42.4,1.311,393479.0
2005-03-04,57.38,20857.4,9537.990234,1277.0,9538.0,10940.55,8941.0,1061.0,2.3348,0.9816,9538.0,10996.93,1.326,0.8,9410.700195,10833.7,1.3089,18736.1,9411.900391,10834.51,1.311,2121.3,10.17,42.4,1.3241,393479.0
2005-03-05,57.38,20857.4,9537.990234,1277.0,9538.0,10940.55,8941.0,1061.0,2.3348,0.9816,9538.0,10996.93,1.326,0.8,9410.700195,10833.7,1.3089,18736.1,9411.900391,10834.51,1.311,2121.3,10.17,42.4,1.3241,393479.0
2005-03-06,57.38,20857.4,9537.990234,1277.0,9538.0,10940.55,8941.0,1061.0,2.3348,0.9816,9538.0,10996.93,1.326,0.8,9410.700195,10833.7,1.3089,18736.1,9411.900391,10834.51,1.311,2121.3,10.17,42.4,1.3241,393479.0
2005-03-07,57.38,20857.4,9545.890625,1277.0,9545.900391,10936.86,8941.0,1061.0,2.3348,0.9816,9581.799805,11027.15,1.3251,0.8,9525.0,10886.09,1.318,18736.1,9568.099609,10940.55,1.3241,2121.3,10.17,42.4,1.3209,393479.0
2005-03-08,57.38,20857.4,9480.19043,1277.0,9480.200195,10912.62,8941.0,1061.0,2.3348,0.9816,9541.900391,10996.56,1.3363,0.8,9480.200195,10863.4,1.3207,18736.1,9536.299805,10935.6,1.3211,2121.3,10.17,42.4,1.3344,393479.0
2005-03-09,57.38,20857.4,9410.290039,1277.0,9410.299805,10805.62,8941.0,1061.0,2.3348,0.9816,9527.400391,10949.2,1.3426,0.8,9410.299805,10768.66,1.3331,18736.1,9496.700195,10912.32,1.3342,2121.3,10.17,42.4,1.3388,393479.0
2005-03-10,57.38,20857.4,9319.390625,1277.0,9319.400391,10851.51,8941.0,1061.0,2.3348,0.9816,9366.799805,10907.45,1.3458,0.8,9296.900391,10757.36,1.337,18736.1,9365.799805,10806.28,1.3393,2121.3,10.17,42.4,1.3428,393479.0
2005-03-11,57.38,20857.4,9330.19043,1277.0,9330.200195,10774.36,8941.0,1061.0,2.3348,0.9816,9385.799805,10897.68,1.3482,0.8,9317.400391,10728.62,1.3392,18736.1,9370.700195,10845.3,1.3417,2121.3,10.17,42.4,1.3454,393479.0
2005-03-12,57.38,20857.4,9330.19043,1277.0,9330.200195,10774.36,8941.0,1061.0,2.3348,0.9816,9385.799805,10897.68,1.3482,0.8,9317.400391,10728.62,1.3392,18736.1,9370.700195,10845.3,1.3417,2121.3,10.17,42.4,1.3454,393479.0
2005-03-13,57.38,20857.4,9330.19043,1277.0,9330.200195,10774.36,8941.0,1061.0,2.3348,0.9816,9385.799805,10897.68,1.3482,0.8,9317.400391,10728.62,1.3392,18736.1,9370.700195,10845.3,1.3417,2121.3,10.17,42.4,1.3454,393479.0
2005-03-14,57.38,20857.4,9296.490234,1277.0,9296.5,10804.51,8941.0,1061.0,2.3348,0.9816,9360.900391,10859.12,1.3479,0.8,9280.400391,10709.26,1.3333,18736.1,9318.799805,10773.92,1.3459,2121.3,10.17,42.4,1.3371,393479.0
2005-03-15,57.38,20857.4,9354.69043,1277.0,9354.700195,10745.1,8941.0,1061.0,2.3348,0.9816,9359.200195,10884.76,1.3413,0.8,9306.799805,10716.87,1.3296,18736.1,9311.299805,10804.29,1.3371,2121.3,10.17,42.4,1.3308,393479.0
2005-03-16,57.38,20857.4,9201.19043,1277.0,9201.200195,10633.07,8941.0,1061.0,2.3348,0.9816,9337.400391,10764.16,1.3439,0.8,9192.200195,10569.3,1.3289,18736.1,9335.200195,10741.63,1.3306,2121.3,10.17,42.4,1.3421,393479.0
2005-03-17,57.38,20857.4,9235.790039,1277.0,9235.799805,10626.35,8941.0,1061.0,2.3348,0.9816,9260.900391,10707.86,1.3423,0.8,9158.0,10561.1,1.3342,18736.1,9197.900391,10633.3,1.3417,2121.3,10.17,42.4,1.3377,393479.0
2005-03-18,57.38,20857.4,9263.890625,1277.0,9263.900391,10629.67,8941.0,1061.0,2.3348,0.9816,9300.799805,10709.85,1.3388,0.8,9239.700195,10520.6,1.3264,18736.1,9254.400391,10627.83,1.3377,2121.3,10.17,42.4,1.3318,393479.0
2005-03-19,57.38,20857.4,9263.890625,1277.0,9263.900391,10629.67,8941.0,1061.0,2.3348,0.9816,9300.799805,10709.85,1.3388,0.8,9239.700195,10520.6,1.3264,18736.1,9254.400391,10627.83,1.3377,2121.3,10.17,42.4,1.3318,393479.0
2005-03-20,57.38,20857.4,9263.890625,1277.0,9263.900391,10629.67,8941.0,1061.0,2.3348,0.9816,9300.799805,10709.85,1.3388,0.8,9239.700195,10520.6,1.3264,18736.1,9254.400391,10627.83,1.3377,2121.3,10.17,42.4,1.3318,393479.0
2005-03-21,57.38,20857.4,9225.390625,1277.0,9225.400391,10565.39,8941.0,1061.0,2.3348,0.9816,9287.099609,10662.93,1.3317,0.8,9215.700195,10503.46,1.3139,18736.1,9236.900391,10629.9,1.3312,2121.3,10.17,42.4,1.3172,393479.0
2005-03-22,57.38,20857.4,9299.19043,1277.0,9299.200195,10470.51,8941.0,1061.0,2.3348,0.9816,9306.200195,10651.41,1.3228,0.8,9209.5,10446.78,1.3053,18736.1,9234.099609,10565.39,1.3157,2121.3,10.17,42.4,1.3087,393479.0
2005-03-23,57.38,20857.4,9252.089844,1277.0,9252.099609,10456.02,8941.0,1061.0,2.3348,0.9816,9277.099609,10558.51,1.3089,0.8,9196.799805,10384.34,1.2959,18736.1,9206.0,10470.58,1.3077,2121.3,10.17,42.4,1.2988,393479.0
2005-03-24,57.38,20857.4,9309.290039,1277.0,9309.299805,10442.87,8941.0,1061.0,2.3348,0.9816,9329.099609,10554.6,1.3035,0.8,9244.900391,10415.16,1.2932,18736.1,9265.200195,10457.06,1.299,2121.3,10.17,42.4,1.2941,393479.0
2005-03-25,57.38,20857.4,9309.290039,1277.0,9309.299805,10442.87,8941.0,1061.0,2.3348,0.9816,9329.099609,10554.6,1.2971,0.8,9244.900391,10415.16,1.2927,18736.1,9265.200195,10457.06,1.2943,2121.3,10.17,42.4,1.2958,393479.0
2005-03-26,57.38,20857.4,9309.290039,1277.0,9309.299805,10442.87,8941.0,1061.0,2.3348,0.9816,9329.099609,10554.6,1.2971,0.8,9244.900391,10415.16,1.2927,18736.1,9265.200195,10457.06,1.2943,2121.3,10.17,42.4,1.2958,393479.0
2005-03-27,57.38,20857.4,9309.290039,1277.0,9309.299805,10442.87,8941.0,1061.0,2.3348,0.9816,9329.099609,10554.6,1.2971,0.8,9244.900391,10415.16,1.2927,18736.1,9265.200195,10457.06,1.2943,2121.3,10.17,42.4,1.2958,393479.0
2005-03-28,57.38,20857.4,9309.290039,1277.0,9309.299805,10442.87,8941.0,1061.0,2.3348,0.9816,9329.099609,10554.6,1.2965,0.8,9244.900391,10415.16,1.2854,18736.1,9265.200195,10457.06,1.2961,2121.3,10.17,42.4,1.2889,393479.0
2005-03-29,57.38,20857.4,9324.089844,1277.0,9324.099609,10405.7,8941.0,1061.0,2.3348,0.9816,9331.200195,10565.46,1.2957,0.8,9234.099609,10351.76,1.2875,18736.1,9266.099609,10486.1,1.2889,2121.3,10.17,42.4,1.2921,393479.0
2005-03-30,57.38,20857.4,9280.089844,1277.0,9280.099609,10540.93,8941.0,1061.0,2.3348,0.9816,9305.099609,10564.8,1.2986,0.8,9245.5,10395.21,1.291,18736.1,9277.299805,10405.77,1.2927,2121.3,10.17,42.4,1.2923,393479.0
2005-03-31,57.38,20857.4,9258.790039,1277.0,9258.799805,10503.76,8941.0,1061.0,2.3348,0.9816,9355.799805,10586.15,1.302,0.8,9240.5,10448.19,1.291,18736.1,9333.700195,10541.59,1.2917,2121.3,10.17,42.4,1.2963,393479.0
2005-04-01,57.86,21129.7,9289.490234,1277.0,9289.5,10404.3,8941.0,1061.0,2.2651,0.8886,9338.299805,10600.56,1.306,1.4,9244.700195,10349.02,1.2869,19160.6,9254.700195,10504.57,1.296,1969.1,9.32,42.4,1.2908,393479.0
2005-04-02,57.86,21129.7,9289.490234,1277.0,9289.5,10404.3,8941.0,1061.0,2.2651,0.8886,9338.299805,10600.56,1.306,1.4,9244.700195,10349.02,1.2869,19160.6,9254.700195,10504.57,1.296,1969.1,9.32,42.4,1.2908,393479.0
2005-04-03,57.86,21129.7,9289.490234,1277.0,9289.5,10404.3,8941.0,1061.0,2.2651,0.8886,9338.299805,10600.56,1.306,1.4,9244.700195,10349.02,1.2869,19160.6,9254.700195,10504.57,1.296,1969.1,9.32,42.4,1.2908,393479.0
2005-04-04,57.86,21129.7,9205.990234,1277.0,9206.0,10421.14,8941.0,1061.0,2.2651,0.8886,9261.0,10496.44,1.2906,1.4,9164.299805,10307.64,1.2816,19160.6,9257.299805,10401.71,1.2881,1969.1,9.32,42.4,1.2849,393479.0
2005-04-05,57.86,21129.7,9298.089844,1277.0,9298.099609,10458.46,8941.0,1061.0,2.2651,0.8886,9304.299805,10530.14,1.2879,1.4,9239.299805,10372.59,1.2799,19160.6,9246.400391,10421.14,1.2853,1969.1,9.32,42.4,1.2858,393479.0
2005-04-06,57.86,21129.7,9382.089844,1277.0,9382.099609,10486.02,8941.0,1061.0,2.2651,0.8886,9382.099609,10557.18,1.2912,1.4,9316.599609,10434.22,1.2838,19160.6,9320.299805,10453.45,1.2857,1969.1,9.32,42.4,1.2872,393479.0
2005-04-07,57.86,21129.7,9392.390625,1277.0,9392.400391,10546.32,8941.0,1061.0,2.2651,0.8886,9407.099609,10589.99,1.2941,1.4,9335.0,10434.3,1.2844,19160.6,9377.0,10485.88,1.2872,1969.1,9.32,42.4,1.2855,393479.0
2005-04-08,57.86,21129.7,9385.790039,1277.0,9385.799805,10461.34,8941.0,1061.0,2.2651,0.8886,9442.200195,10584.6,1.2944,1.4,9369.700195,10445.31,1.2809,19160.6,9439.099609,10546.32,1.2853,1969.1,9.32,42.4,1.2938,393479.0
2005-04-09,57.86,21129.7,9385.790039,1277.0,9385.799805,10461.34,8941.0,1061.0,2.2651,0.8886,9442.200195,10584.6,1.2944,1.4,9369.700195,10445.31,1.2809,19160.6,9439.099609,10546.32,1.2853,1969.1,9.32,42.4,1.2938,393479.0
2005-04-10,57.86,21129.7,9385.790039,1277.0,9385.799805,10461.34,8941.0,1061.0,2.2651,0.8886,9442.200195,10584.6,1.2944,1.4,9369.700195,10445.31,1.2809,19160.6,9439.099609,10546.32,1.2853,1969.1,9.32,42.4,1.2938,393479.0
2005-04-11,57.86,21129.7,9334.790039,1277.0,9334.799805,10448.56,8941.0,1061.0,2.2651,0.8886,9355.700195,10530.58,1.3005,1.4,9311.200195,10393.36,1.2906,19160.6,9341.0,10462.08,1.2925,1969.1,9.32,42.4,1.2976,393479.0
2005-04-12,57.86,21129.7,9303.089844,1277.0,9303.099609,10507.97,8941.0,1061.0,2.2651,0.8886,9335.700195,10552.6,1.3018,1.4,9272.099609,10331.21,1.2864,19160.6,9334.0,10448.63,1.2973,1969.1,9.32,42.4,1.2923,393479.0
2005-04-13,57.86,21129.7,9373.890625,1277.0,9373.900391,10403.93,8941.0,1061.0,2.2651,0.8886,9377.200195,10567.38,1.2955,1.4,9348.900391,10355.16,1.2849,19160.6,9359.799805,10507.45,1.2917,1969.1,9.32,42.4,1.2917,393479.0
2005-04-14,57.86,21129.7,9364.490234,1277.0,9364.5,10278.75,8941.0,1061.0,2.2651,0.8886,9382.599609,10457.06,1.2923,1.4,9308.900391,10248.23,1.2767,19160.6,9316.799805,10403.71,1.2921,1969.1,9.32,42.4,1.2807,393479.0
2005-04-15,57.86,21129.7,9155.191406,1277.0,9155.200195,10087.51,8941.0,1061.0,2.2651,0.8886,9278.5,10311.26,1.2941,1.4,9155.200195,10059.36,1.2776,19160.6,9275.200195,10276.61,1.2799,1969.1,9.32,42.4,1.2917,393479.0
2005-04-16,57.86,21129.7,9155.191406,1277.0,9155.200195,10087.51,8941.0,1061.0,2.2651,0.8886,9278.5,10311.26,1.2941,1.4,9155.200195,10059.36,1.2776,19160.6,9275.200195,10276.61,1.2799,1969.1,9.32,42.4,1.2917,393479.0
2005-04-17,57.86,21129.7,9155.191406,1277.0,9155.200195,10087.51,8941.0,1061.0,2.2651,0.8886,9278.5,10311.26,1.2941,1.4,9155.200195,10059.36,1.2776,19160.6,9275.200195,10276.61,1.2799,1969.1,9.32,42.4,1.2917,393479.0
2005-04-18,57.86,21129.7,9025.791016,1277.0,9025.799805,10071.25,8941.0,1061.0,2.2651,0.8886,9054.799805,10183.5,1.3047,1.4,8938.900391,9961.52,1.2877,19160.6,9046.599609,10088.54,1.2914,1969.1,9.32,42.4,1.3016,393479.0
2005-04-19,57.86,21129.7,9046.191406,1277.0,9046.200195,10127.41,8941.0,1061.0,2.2651,0.8886,9073.599609,10220.21,1.3078,1.4,9021.0,10021.08,1.298,19160.6,9050.5,10071.55,1.302,1969.1,9.32,42.4,1.3057,393479.0
2005-04-20,57.86,21129.7,9016.59082,1277.0,9016.599609,10012.36,8941.0,1061.0,2.2651,0.8886,9093.799805,10232.34,1.3104,1.4,8997.700195,9978.74,1.2988,19160.6,9091.299805,10131.18,1.3054,1969.1,9.32,42.4,1.3085,393479.0
2005-04-21,57.86,21129.7,9018.691406,1277.0,9018.700195,10218.6,8941.0,1061.0,2.2651,0.8886,9077.400391,10250.3,1.3127,1.4,8968.799805,10032.16,1.3025,19160.6,8975.599609,10010.51,1.3091,1969.1,9.32,42.4,1.3054,393479.0
2005-04-22,57.86,21129.7,9096.391602,1277.0,9096.400391,10157.71,8941.0,1061.0,2.2651,0.8886,9115.900391,10266.48,1.3098,1.4,9068.5,10055.29,1.3022,19160.6,9108.900391,10216.68,1.3051,1969.1,9.32,42.4,1.3068,393479.0
2005-04-23,57.86,21129.7,9096.391602,1277.0,9096.400391,10157.71,8941.0,1061.0,2.2651,0.8886,9115.900391,10266.48,1.3098,1.4,9068.5,10055.29,1.3022,19160.6,9108.900391,10216.68,1.3051,1969.1,9.32,42.4,1.3068,393479.0
2005-04-24,57.86,21129.7,9096.391602,1277.0,9096.400391,10157.71,8941.0,1061.0,2.2651,0.8886,9115.900391,10266.48,1.3098,1.4,9068.5,10055.29,1.3022,19160.6,9108.900391,10216.68,1.3051,1969.1,9.32,42.4,1.3068,393479.0
2005-04-25,57.86,21129.7,9106.191406,1277.0,9106.200195,10242.47,8941.0,1061.0,2.2651,0.8886,9130.0,10305.87,1.3065,1.4,9047.5,10148.25,1.2954,19160.6,9050.5,10158.52,1.3064,1969.1,9.32,42.4,1.3001,393479.0
2005-04-26,57.86,21129.7,9083.691406,1277.0,9083.700195,10151.13,8941.0,1061.0,2.2651,0.8886,9122.299805,10298.85,1.3017,1.4,9062.299805,10108.79,1.2944,19160.6,9115.099609,10240.99,1.299,1969.1,9.32,42.4,1.299,393479.0
2005-04-27,57.86,21129.7,8984.991211,1277.0,8985.0,10198.8,8941.0,1061.0,2.2651,0.8886,9068.099609,10250.23,1.2994,1.4,8953.599609,10048.27,1.2904,19160.6,9066.799805,10150.32,1.2994,1969.1,9.32,42.4,1.2929,393479.0
2005-04-28,57.86,21129.7,8985.391602,1277.0,8985.400391,10070.37,8941.0,1061.0,2.2651,0.8886,9034.099609,10229.09,1.2944,1.4,8950.700195,10036.74,1.2881,19160.6,9015.5,10194.58,1.2925,1969.1,9.32,42.4,1.29,393479.0
2005-04-29,57.86,21129.7,9001.59082,1277.0,9001.599609,10192.51,8941.0,1061.0,2.2651,0.8886,9025.700195,10231.31,1.2982,1.4,8940.5,10021.23,1.2853,19160.6,8955.700195,10073.47,1.2898,1969.1,9.32,42.4,1.2873,393479.0
2005-04-30,57.86,21129.7,9001.59082,1277.0,9001.599609,10192.51,8941.0,1061.0,2.2651,0.8886,9025.700195,10231.31,1.2982,1.4,8940.5,10021.23,1.2853,19160.6,8955.700195,10073.47,1.2898,1969.1,9.32,42.4,1.2873,393479.0
2005-05-01,57.86,21129.7,9001.59082,1277.0,9001.599609,10192.51,8941.0,1061.0,2.1933,0.8886,9025.700195,10231.31,1.2982,1.4,8940.5,10021.23,1.2853,19160.6,8955.700195,10073.47,1.2898,1969.1,9.32,42.4,1.2873,393479.0
2005-05-02,57.86,21129.7,9119.891602,1277.0,9119.900391,10251.7,8941.0,1061.0,2.1933,0.8886,9139.700195,10309.86,1.2877,0.2,9020.099609,10149.06,1.2837,19160.6,9027.900391,10192.0,1.2862,1969.1,9.32,42.4,1.2864,393479.0
2005-05-03,57.86,21129.7,9168.290039,1277.0,9168.299805,10256.95,8941.0,1061.0,2.1933,0.8886,9168.299805,10327.37,1.2917,0.2,9083.200195,10169.39,1.2826,19160.6,9094.5,10251.04,1.2853,1969.1,9.32,42.4,1.2868,393479.0
2005-05-04,57.86,21129.7,9195.69043,1277.0,9195.700195,10384.64,8941.0,1061.0,2.1933,0.8886,9196.0,10412.2,1.2974,0.2,9120.799805,10239.95,1.2867,19160.6,9168.700195,10255.25,1.2871,1969.1,9.32,42.4,1.2946,393479.0
2005-05-05,57.86,21129.7,9235.490234,1277.0,9235.5,10340.38,8941.0,1061.0,2.1933,0.8886,9244.900391,10447.08,1.2992,0.2,9211.599609,10276.75,1.2925,19160.6,9232.700195,10384.49,1.2952,1969.1,9.32,42.4,1.2959,393479.0
2005-05-06,57.86,21129.7,9263.089844,1277.0,9263.099609,10345.4,8941.0,1061.0,2.1933,0.8886,9273.099609,10454.4,1.2967,0.2,9201.599609,10300.7,1.281,19160.6,9224.400391,10339.71,1.296,1969.1,9.32,42.4,1.2837,393479.0
2005-05-07,57.86,21129.7,9263.089844,1277.0,9263.099609,10345.4,8941.0,1061.0,2.1933,0.8886,9273.099609,10454.4,1.2967,0.2,9201.599609,10300.7,1.281,19160.6,9224.400391,10339.71,1.296,1969.1,9.32,42.4,1.2837,393479.0
2005-05-08,57.86,21129.7,9263.089844,1277.0,9263.099609,10345.4,8941.0,1061.0,2.1933,0.8886,9273.099609,10454.4,1.2967,0.2,9201.599609,10300.7,1.281,19160.6,9224.400391,10339.71,1.296,1969.1,9.32,42.4,1.2837,393479.0
2005-05-09,57.86,21129.7,9223.490234,1277.0,9223.5,10384.34,8941.0,1061.0,2.1933,0.8886,9250.599609,10416.56,1.2878,0.2,9205.799805,10288.95,1.2789,19160.6,9245.599609,10345.4,1.2817,1969.1,9.32,42.4,1.2868,393479.0
2005-05-10,57.86,21129.7,9146.09082,1277.0,9146.099609,10281.11,8941.0,1061.0,2.1933,0.8886,9241.700195,10389.96,1.2893,0.2,9144.799805,10230.35,1.2814,19160.6,9241.700195,10382.94,1.2866,1969.1,9.32,42.4,1.2883,393479.0
2005-05-11,57.86,21129.7,9149.891602,1277.0,9149.900391,10300.25,8941.0,1061.0,2.1933,0.8886,9188.599609,10355.31,1.2915,0.2,9121.900391,10172.86,1.2777,19160.6,9140.0,10272.91,1.2881,1969.1,9.32,42.4,1.2804,393479.0
2005-05-12,57.86,21129.7,9213.089844,1277.0,9213.099609,10189.48,8941.0,1061.0,2.1933,0.8886,9224.599609,10357.37,1.2816,0.2,9176.900391,10155.86,1.2664,19160.6,9188.299805,10299.74,1.2805,1969.1,9.32,42.4,1.267,393479.0
2005-05-13,57.86,21129.7,9222.490234,1277.0,9222.5,10140.12,8941.0,1061.0,2.1933,0.8886,9222.5,10268.85,1.2691,0.2,9136.200195,10062.76,1.2611,19160.6,9144.700195,10188.23,1.2673,1969.1,9.32,42.4,1.2618,393479.0
2005-05-14,57.86,21129.7,9222.490234,1277.0,9222.5,10140.12,8941.0,1061.0,2.1933,0.8886,9222.5,10268.85,1.2691,0.2,9136.200195,10062.76,1.2611,19160.6,9144.700195,10188.23,1.2673,1969.1,9.32,42.4,1.2618,393479.0
2005-05-15,57.86,21129.7,9222.490234,1277.0,9222.5,10140.12,8941.0,1061.0,2.1933,0.8886,9222.5,10268.85,1.2691,0.2,9136.200195,10062.76,1.2611,19160.6,9144.700195,10188.23,1.2673,1969.1,9.32,42.4,1.2618,393479.0
2005-05-16,57.86,21129.7,9217.69043,1277.0,9217.700195,10252.29,8941.0,1061.0,2.1933,0.8886,9242.200195,10274.39,1.2651,0.2,9193.700195,10118.32,1.258,19160.6,9222.0,10139.61,1.2626,1969.1,9.32,42.4,1.2635,393479.0
2005-05-17,57.86,21129.7,9213.290039,1277.0,9213.299805,10331.88,8941.0,1061.0,2.1933,0.8886,9240.200195,10357.3,1.2666,0.2,9193.599609,10175.81,1.2592,19160.6,9238.299805,10247.49,1.2628,1969.1,9.32,42.4,1.2605,393479.0
2005-05-18,57.86,21129.7,9364.19043,1277.0,9364.200195,10464.45,8941.0,1061.0,2.1933,0.8886,9364.200195,10518.17,1.2692,0.2,9241.799805,10329.37,1.2586,19160.6,9241.799805,10323.19,1.2612,1969.1,9.32,42.4,1.2679,393479.0
2005-05-19,57.86,21129.7,9400.089844,1277.0,9400.099609,10493.19,8941.0,1061.0,2.1933,0.8886,9411.5,10538.71,1.2692,0.2,9361.900391,10394.39,1.2605,19160.6,9386.599609,10464.45,1.2675,1969.1,9.32,42.4,1.2643,393479.0
2005-05-20,57.86,21129.7,9368.490234,1277.0,9368.5,10471.91,8941.0,1061.0,2.1933,0.8886,9407.099609,10535.24,1.2656,0.2,9368.5,10400.6,1.2536,19160.6,9403.700195,10492.75,1.2637,1969.1,9.32,42.4,1.2559,393479.0
2005-05-21,57.86,21129.7,9368.490234,1277.0,9368.5,10471.91,8941.0,1061.0,2.1933,0.8886,9407.099609,10535.24,1.2656,0.2,9368.5,10400.6,1.2536,19160.6,9403.700195,10492.75,1.2637,1969.1,9.32,42.4,1.2559,393479.0
2005-05-22,57.86,21129.7,9368.490234,1277.0,9368.5,10471.91,8941.0,1061.0,2.1933,0.8886,9407.099609,10535.24,1.2656,0.2,9368.5,10400.6,1.2536,19160.6,9403.700195,10492.75,1.2637,1969.1,9.32,42.4,1.2559,393479.0
2005-05-23,57.86,21129.7,9396.990234,1277.0,9397.0,10523.56,8941.0,1061.0,2.1933,0.8886,9416.700195,10589.92,1.2599,0.2,9372.599609,10438.36,1.2534,19160.6,9408.900391,10472.8,1.2544,1969.1,9.32,42.4,1.2578,393479.0
2005-05-24,57.86,21129.7,9372.390625,1277.0,9372.400391,10503.68,8941.0,1061.0,2.1933,0.8886,9414.700195,10550.24,1.2632,0.2,9338.900391,10433.78,1.2556,19160.6,9403.700195,10522.68,1.2569,1969.1,9.32,42.4,1.2579,393479.0
2005-05-25,57.86,21129.7,9351.290039,1277.0,9351.299805,10457.8,8941.0,1061.0,2.1933,0.8886,9375.900391,10516.17,1.262,0.2,9333.0,10396.46,1.2549,19160.6,9354.299805,10503.17,1.2577,1969.1,9.32,42.4,1.2603,393479.0
2005-05-26,57.86,21129.7,9417.890625,1277.0,9417.900391,10537.6,8941.0,1061.0,2.1933,0.8886,9421.900391,10581.87,1.2618,0.2,9343.299805,10450.55,1.2496,19160.6,9350.0,10458.68,1.2605,1969.1,9.32,42.4,1.2512,393479.0
2005-05-27,57.86,21129.7,9381.490234,1277.0,9381.5,10542.55,8941.0,1061.0,2.1933,0.8886,9428.299805,10579.94,1.2593,0.2,9364.400391,10489.35,1.2509,19160.6,9420.0,10537.08,1.2515,1969.1,9.32,42.4,1.2575,393479.0
2005-05-28,57.86,21129.7,9381.490234,1277.0,9381.5,10542.55,8941.0,1061.0,2.1933,0.8886,9428.299805,10579.94,1.2593,0.2,9364.400391,10489.35,1.2509,19160.6,9420.0,10537.08,1.2515,1969.1,9.32,42.4,1.2575,393479.0
2005-05-29,57.86,21129.7,9381.490234,1277.0,9381.5,10542.55,8941.0,1061.0,2.1933,0.8886,9428.299805,10579.94,1.2593,0.2,9364.400391,10489.35,1.2509,19160.6,9420.0,10537.08,1.2515,1969.1,9.32,42.4,1.2575,393479.0
2005-05-30,57.86,21129.7,9466.790039,1277.0,9466.799805,10542.55,8941.0,1061.0,2.1933,0.8886,9466.799805,10579.94,1.2548,0.2,9352.5,10489.35,1.2462,19160.6,9363.700195,10537.08,1.2534,1969.1,9.32,42.4,1.2473,393479.0
2005-05-31,57.86,21129.7,9427.089844,1277.0,9427.099609,10467.48,8941.0,1061.0,2.1933,0.8886,9472.400391,10574.92,1.2487,0.2,9421.400391,10437.77,1.2295,19160.6,9466.799805,10541.89,1.2473,1969.1,9.32,42.4,1.231,393479.0
2005-06-01,57.86,21129.7,9550.790039,1277.0,9550.799805,10549.87,8941.0,1061.0,2.1028,0.8886,9551.0,10616.15,1.2343,0.2,9444.099609,10433.48,1.216,19160.6,9455.400391,10462.86,1.2306,1969.1,9.32,42.4,1.2188,393479.0
2005-06-02,57.86,21129.7,9539.69043,1277.0,9539.700195,10553.49,8941.0,1061.0,2.1028,0.8886,9587.400391,10590.07,1.23,0.2,9519.400391,10478.26,1.2184,19160.6,9542.400391,10548.83,1.2207,1969.1,9.32,42.4,1.2275,393479.0
2005-06-03,57.86,21129.7,9497.69043,1277.0,9497.700195,10460.97,8941.0,1061.0,2.1028,0.8886,9560.799805,10572.18,1.2346,0.2,9487.099609,10427.35,1.2205,19160.6,9550.700195,10552.82,1.2275,1969.1,9.32,42.4,1.2235,393479.0
2005-06-04,57.86,21129.7,9497.69043,1277.0,9497.700195,10460.97,8941.0,1061.0,2.1028,0.8886,9560.799805,10572.18,1.2346,0.2,9487.099609,10427.35,1.2205,19160.6,9550.700195,10552.82,1.2275,1969.1,9.32,42.4,1.2235,393479.0
2005-06-05,57.86,21129.7,9497.69043,1277.0,9497.700195,10460.97,8941.0,1061.0,2.1028,0.8886,9560.799805,10572.18,1.2346,0.2,9487.099609,10427.35,1.2205,19160.6,9550.700195,10552.82,1.2275,1969.1,9.32,42.4,1.2235,393479.0
2005-06-06,57.86,21129.7,9449.390625,1277.0,9449.400391,10467.03,8941.0,1061.0,2.1028,0.8886,9497.099609,10519.79,1.2296,0.2,9443.0,10410.28,1.2218,19160.6,9480.700195,10461.64,1.2224,1969.1,9.32,42.4,1.2257,393479.0
2005-06-07,57.86,21129.7,9535.490234,1277.0,9535.5,10483.07,8941.0,1061.0,2.1028,0.8886,9537.299805,10603.15,1.2317,0.2,9465.099609,10454.18,1.2239,19160.6,9473.700195,10466.0,1.2262,1969.1,9.32,42.4,1.2285,393479.0
2005-06-08,57.86,21129.7,9487.69043,1277.0,9487.700195,10476.86,8941.0,1061.0,2.1028,0.8886,9513.299805,10575.81,1.2355,0.2,9458.299805,10439.77,1.2207,19160.6,9499.099609,10484.84,1.2281,1969.1,9.32,42.4,1.2239,393479.0
2005-06-09,57.86,21129.7,9493.990234,1277.0,9494.0,10503.02,8941.0,1061.0,2.1028,0.8886,9495.599609,10556.9,1.2258,0.2,9444.900391,10410.8,1.2176,19160.6,9459.099609,10477.75,1.2237,1969.1,9.32,42.4,1.2231,393479.0
2005-06-10,57.86,21129.7,9561.490234,1277.0,9561.5,10512.63,8941.0,1061.0,2.1028,0.8886,9574.0,10581.13,1.2252,0.2,9526.0,10410.5,1.2108,19160.6,9536.299805,10503.02,1.2231,1969.1,9.32,42.4,1.2123,393479.0
2005-06-11,57.86,21129.7,9561.490234,1277.0,9561.5,10512.63,8941.0,1061.0,2.1028,0.8886,9574.0,10581.13,1.2252,0.2,9526.0,10410.5,1.2108,19160.6,9536.299805,10503.02,1.2231,1969.1,9.32,42.4,1.2123,393479.0
2005-06-12,57.86,21129.7,9561.490234,1277.0,9561.5,10512.63,8941.0,1061.0,2.1028,0.8886,9574.0,10581.13,1.2252,0.2,9526.0,10410.5,1.2108,19160.6,9536.299805,10503.02,1.2231,1969.1,9.32,42.4,1.2123,393479.0
2005-06-13,57.86,21129.7,9579.19043,1277.0,9579.200195,10522.56,8941.0,1061.0,2.1028,0.8886,9579.400391,10611.1,1.2123,0.2,9526.700195,10437.32,1.2027,19160.6,9564.0,10503.57,1.2113,1969.1,9.32,42.4,1.2114,393479.0
2005-06-14,57.86,21129.7,9614.390625,1277.0,9614.400391,10547.57,8941.0,1061.0,2.1028,0.8886,9617.799805,10617.01,1.2154,0.2,9543.799805,10473.92,1.2022,19160.6,9565.5,10521.95,1.2118,1969.1,9.32,42.4,1.2028,393479.0
2005-06-15,57.86,21129.7,9563.589844,1277.0,9563.599609,10566.37,8941.0,1061.0,2.1028,0.8886,9643.5,10628.67,1.2133,0.2,9555.799805,10471.69,1.2015,19160.6,9632.400391,10548.65,1.2028,1969.1,9.32,42.4,1.2121,393479.0
2005-06-16,57.86,21129.7,9624.69043,1277.0,9624.700195,10578.65,8941.0,1061.0,2.1028,0.8886,9642.200195,10632.2,1.2169,0.2,9579.5,10501.92,1.2055,19160.6,9593.400391,10566.76,1.2123,1969.1,9.32,42.4,1.2109,393479.0
2005-06-17,57.86,21129.7,9682.290039,1277.0,9682.299805,10623.07,8941.0,1061.0,2.1028,0.8886,9706.200195,10710.38,1.2291,0.2,9617.099609,10561.0,1.2091,19160.6,9633.200195,10580.41,1.2111,1969.1,9.32,42.4,1.2289,393479.0
2005-06-18,57.86,21129.7,9682.290039,1277.0,9682.299805,10623.07,8941.0,1061.0,2.1028,0.8886,9706.200195,10710.38,1.2291,0.2,9617.099609,10561.0,1.2091,19160.6,9633.200195,10580.41,1.2111,1969.1,9.32,42.4,1.2289,393479.0
2005-06-19,57.86,21129.7,9682.290039,1277.0,9682.299805,10623.07,8941.0,1061.0,2.1028,0.8886,9706.200195,10710.38,1.2291,0.2,9617.099609,10561.0,1.2091,19160.6,9633.200195,10580.41,1.2111,1969.1,9.32,42.4,1.2289,393479.0
2005-06-20,57.86,21129.7,9659.490234,1277.0,9659.5,10609.11,8941.0,1061.0,2.1028,0.8886,9671.299805,10656.66,1.2241,0.2,9634.200195,10539.21,1.2124,19160.6,9670.900391,10621.54,1.2195,1969.1,9.32,42.4,1.2147,393479.0
2005-06-21,57.86,21129.7,9712.490234,1277.0,9712.5,10599.67,8941.0,1061.0,2.1028,0.8886,9713.400391,10670.56,1.2187,0.2,9666.099609,10545.89,1.2066,19160.6,9688.299805,10608.88,1.2153,1969.1,9.32,42.4,1.2178,393479.0
2005-06-22,57.86,21129.7,9726.19043,1277.0,9726.200195,10587.93,8941.0,1061.0,2.1028,0.8886,9752.900391,10676.24,1.2208,0.2,9698.200195,10543.28,1.2096,19160.6,9717.099609,10599.36,1.2174,1969.1,9.32,42.4,1.2126,393479.0
2005-06-23,57.86,21129.7,9769.589844,1277.0,9769.599609,10421.44,8941.0,1061.0,2.1028,0.8886,9779.400391,10617.39,1.2146,0.2,9725.799805,10401.49,1.2016,19160.6,9727.400391,10587.09,1.2132,1969.1,9.32,42.4,1.2039,393479.0
2005-06-24,57.86,21129.7,9677.390625,1277.0,9677.400391,10297.84,8941.0,1061.0,2.1028,0.8886,9712.799805,10452.82,1.211,0.2,9664.700195,10266.3,1.1983,19160.6,9696.0,10422.28,1.2029,1969.1,9.32,42.4,1.2097,393479.0
2005-06-25,57.86,21129.7,9677.390625,1277.0,9677.400391,10297.84,8941.0,1061.0,2.1028,0.8886,9712.799805,10452.82,1.211,0.2,9664.700195,10266.3,1.1983,19160.6,9696.0,10422.28,1.2029,1969.1,9.32,42.4,1.2097,393479.0
2005-06-26,57.86,21129.7,9677.390625,1277.0,9677.400391,10297.84,8941.0,1061.0,2.1028,0.8886,9712.799805,10452.82,1.211,0.2,9664.700195,10266.3,1.1983,19160.6,9696.0,10422.28,1.2029,1969.1,9.32,42.4,1.2097,393479.0
2005-06-27,57.86,21129.7,9622.890625,1277.0,9622.900391,10290.78,8941.0,1061.0,2.1028,0.8886,9644.900391,10377.55,1.2188,0.2,9590.700195,10229.4,1.2092,19160.6,9629.700195,10298.07,1.2092,1969.1,9.32,42.4,1.2165,393479.0
2005-06-28,57.86,21129.7,9682.490234,1277.0,9682.5,10405.63,8941.0,1061.0,2.1028,0.8886,9685.900391,10434.18,1.2176,0.2,9624.099609,10285.86,1.2047,19160.6,9638.099609,10291.01,1.2168,1969.1,9.32,42.4,1.206,393479.0
2005-06-29,57.86,21129.7,9769.19043,1277.0,9769.200195,10374.48,8941.0,1061.0,2.1028,0.8886,9796.900391,10472.46,1.2113,0.2,9714.299805,10332.52,1.2014,19160.6,9719.799805,10405.94,1.2066,1969.1,9.32,42.4,1.2077,393479.0
2005-06-30,57.86,21129.7,9783.19043,1277.0,9783.200195,10274.97,8941.0,1061.0,2.1028,0.8886,9815.5,10458.19,1.2123,0.2,9746.900391,10253.49,1.2043,19160.6,9760.799805,10374.18,1.2073,1969.1,9.32,42.4,1.2102,393479.0
2005-07-01,57.86,21205.6,9829.089844,1277.0,9829.099609,10303.44,8941.0,1061.0,2.168,0.9675,9829.099609,10380.78,1.2109,-0.6,9727.900391,10239.91,1.1942,19422.1,9731.0,10273.59,1.21,1783.5,8.41,42.4,1.1959,393479.0
2005-07-02,57.86,21205.6,9829.089844,1277.0,9829.099609,10303.44,8941.0,1061.0,2.168,0.9675,9829.099609,10380.78,1.2109,-0.6,9727.900391,10239.91,1.1942,19422.1,9731.0,10273.59,1.21,1783.5,8.41,42.4,1.1959,393479.0
2005-07-03,57.86,21205.6,9829.089844,1277.0,9829.099609,10303.44,8941.0,1061.0,2.168,0.9675,9829.099609,10380.78,1.2109,-0.6,9727.900391,10239.91,1.1942,19422.1,9731.0,10273.59,1.21,1783.5,8.41,42.4,1.1959,393479.0
2005-07-04,57.86,21205.6,9814.990234,1277.0,9815.0,10303.44,8941.0,1061.0,2.168,0.9675,9817.299805,10380.78,1.1951,-0.6,9789.400391,10239.91,1.1886,19422.1,9808.299805,10273.59,1.1934,1783.5,8.41,42.4,1.1902,393479.0
2005-07-05,57.86,21205.6,9807.390625,1277.0,9807.400391,10371.8,8941.0,1061.0,2.168,0.9675,9814.900391,10411.24,1.1943,-0.6,9766.099609,10252.03,1.187,19422.1,9805.799805,10303.13,1.1901,1783.5,8.41,42.4,1.1916,393479.0
2005-07-06,57.86,21205.6,9832.490234,1277.0,9832.5,10270.68,8941.0,1061.0,2.168,0.9675,9849.5,10413.23,1.1955,-0.6,9811.5,10242.21,1.1892,19422.1,9824.900391,10366.52,1.1917,1783.5,8.41,42.4,1.1932,393479.0
2005-07-07,57.86,21205.6,9644.390625,1277.0,9644.400391,10302.29,8941.0,1061.0,2.168,0.9675,9802.5,10337.84,1.2043,-0.6,9399.299805,10142.24,1.1909,19422.1,9799.700195,10269.76,1.1932,1783.5,8.41,42.4,1.1953,393479.0
2005-07-08,57.86,21205.6,9793.19043,1277.0,9793.200195,10449.14,8941.0,1061.0,2.168,0.9675,9794.700195,10486.5,1.1987,-0.6,9691.299805,10279.65,1.1873,19422.1,9742.299805,10302.9,1.1947,1783.5,8.41,42.4,1.1971,393479.0
2005-07-09,57.86,21205.6,9793.19043,1277.0,9793.200195,10449.14,8941.0,1061.0,2.168,0.9675,9794.700195,10486.5,1.1987,-0.6,9691.299805,10279.65,1.1873,19422.1,9742.299805,10302.9,1.1947,1783.5,8.41,42.4,1.1971,393479.0
2005-07-10,57.86,21205.6,9793.19043,1277.0,9793.200195,10449.14,8941.0,1061.0,2.168,0.9675,9794.700195,10486.5,1.1987,-0.6,9691.299805,10279.65,1.1873,19422.1,9742.299805,10302.9,1.1947,1783.5,8.41,42.4,1.1971,393479.0
2005-07-11,57.86,21205.6,9876.290039,1277.0,9876.299805,10519.72,8941.0,1061.0,2.168,0.9675,9878.700195,10570.67,1.2087,-0.6,9819.599609,10425.97,1.1957,19422.1,9831.099609,10449.6,1.1967,1783.5,8.41,42.4,1.2075,393479.0
2005-07-12,57.86,21205.6,9873.390625,1277.0,9873.400391,10513.89,8941.0,1061.0,2.168,0.9675,9904.200195,10583.02,1.2258,-0.6,9841.599609,10444.46,1.2052,19422.1,9904.200195,10519.49,1.2075,1783.5,8.41,42.4,1.2241,393479.0
2005-07-13,57.86,21205.6,9937.790039,1277.0,9937.799805,10557.39,8941.0,1061.0,2.168,0.9675,9938.599609,10596.98,1.2241,-0.6,9874.5,10481.36,1.2071,19422.1,9880.599609,10513.36,1.2241,1783.5,8.41,42.4,1.2094,393479.0
2005-07-14,57.86,21205.6,9965.19043,1277.0,9965.200195,10628.89,8941.0,1061.0,2.168,0.9675,9996.400391,10696.96,1.2127,-0.6,9944.099609,10560.82,1.2056,19422.1,9949.200195,10559.86,1.2083,1783.5,8.41,42.4,1.2083,393479.0
2005-07-15,57.86,21205.6,9943.790039,1277.0,9943.799805,10640.83,8941.0,1061.0,2.168,0.9675,9983.5,10698.07,1.214,-0.6,9920.5,10559.46,1.2012,19422.1,9961.099609,10629.44,1.2085,1783.5,8.41,42.4,1.2035,393479.0
2005-07-16,57.86,21205.6,9943.790039,1277.0,9943.799805,10640.83,8941.0,1061.0,2.168,0.9675,9983.5,10698.07,1.214,-0.6,9920.5,10559.46,1.2012,19422.1,9961.099609,10629.44,1.2085,1783.5,8.41,42.4,1.2035,393479.0
2005-07-17,57.86,21205.6,9943.790039,1277.0,9943.799805,10640.83,8941.0,1061.0,2.168,0.9675,9983.5,10698.07,1.214,-0.6,9920.5,10559.46,1.2012,19422.1,9961.099609,10629.44,1.2085,1783.5,8.41,42.4,1.2035,393479.0
2005-07-18,57.86,21205.6,9960.990234,1277.0,9961.0,10574.99,8941.0,1061.0,2.168,0.9675,9981.599609,10681.99,1.209,-0.6,9927.5,10533.59,1.2021,19422.1,9944.799805,10640.19,1.2022,1783.5,8.41,42.4,1.2054,393479.0
2005-07-19,57.86,21205.6,10044.990234,1277.0,10045.0,10646.56,8941.0,1061.0,2.168,0.9675,10045.0,10718.69,1.2068,-0.6,9966.5,10573.0,1.1952,19422.1,9969.200195,10576.9,1.2052,1783.5,8.41,42.4,1.2035,393479.0
2005-07-20,57.86,21205.6,10006.990234,1277.0,10007.0,10689.15,8941.0,1061.0,2.168,0.9675,10037.799805,10726.81,1.2188,-0.6,9982.099609,10535.1,1.1995,19422.1,10016.099609,10629.52,1.2033,1783.5,8.41,42.4,1.2144,393479.0
2005-07-21,57.86,21205.6,10021.490234,1277.0,10021.5,10627.77,8941.0,1061.0,2.168,0.9675,10068.0,10735.33,1.2259,-0.6,9962.900391,10567.98,1.2101,19422.1,10030.400391,10690.03,1.2153,1783.5,8.41,42.4,1.2167,393479.0
2005-07-22,57.86,21205.6,10018.790039,1277.0,10018.799805,10651.18,8941.0,1061.0,2.168,0.9675,10044.5,10702.21,1.2191,-0.6,9998.700195,10552.54,1.2053,19422.1,10010.900391,10624.19,1.2165,1783.5,8.41,42.4,1.2067,393479.0
2005-07-23,57.86,21205.6,10018.790039,1277.0,10018.799805,10651.18,8941.0,1061.0,2.168,0.9675,10044.5,10702.21,1.2191,-0.6,9998.700195,10552.54,1.2053,19422.1,10010.900391,10624.19,1.2165,1783.5,8.41,42.4,1.2067,393479.0
2005-07-24,57.86,21205.6,10018.790039,1277.0,10018.799805,10651.18,8941.0,1061.0,2.168,0.9675,10044.5,10702.21,1.2191,-0.6,9998.700195,10552.54,1.2053,19422.1,10010.900391,10624.19,1.2165,1783.5,8.41,42.4,1.2067,393479.0
2005-07-25,57.86,21205.6,10017.089844,1277.0,10017.099609,10596.48,8941.0,1061.0,2.168,0.9675,10048.0,10709.69,1.2089,-0.6,9979.5,10565.12,1.2027,19422.1,10036.700195,10651.66,1.2054,1783.5,8.41,42.4,1.206,393479.0
2005-07-26,57.86,21205.6,10043.290039,1277.0,10043.299805,10579.77,8941.0,1061.0,2.168,0.9675,10052.200195,10667.9,1.2071,-0.6,9989.099609,10535.58,1.198,19422.1,10014.299805,10597.6,1.2067,1783.5,8.41,42.4,1.2012,393479.0
2005-07-27,57.86,21205.6,10088.69043,1277.0,10088.700195,10637.09,8941.0,1061.0,2.168,0.9675,10099.0,10689.31,1.2089,-0.6,10046.700195,10530.5,1.1961,19422.1,10046.700195,10579.45,1.2019,1783.5,8.41,42.4,1.2071,393479.0
2005-07-28,57.86,21205.6,10128.789063,1277.0,10128.799805,10705.55,8941.0,1061.0,2.168,0.9675,10140.0,10745.68,1.215,-0.6,10110.099609,10603.49,1.2033,19422.1,10114.099609,10633.5,1.2065,1783.5,8.41,42.4,1.2132,393479.0
2005-07-29,57.86,21205.6,10115.589844,1277.0,10115.599609,10640.91,8941.0,1061.0,2.168,0.9675,10162.400391,10754.6,1.2159,-0.6,10083.0,10608.27,1.2073,19422.1,10156.700195,10705.16,1.2127,1783.5,8.41,42.4,1.213,393479.0
2005-07-30,57.86,21205.6,10115.589844,1277.0,10115.599609,10640.91,8941.0,1061.0,2.168,0.9675,10162.400391,10754.6,1.2159,-0.6,10083.0,10608.27,1.2073,19422.1,10156.700195,10705.16,1.2127,1783.5,8.41,42.4,1.213,393479.0
2005-07-31,57.86,21205.6,10115.589844,1277.0,10115.599609,10640.91,8941.0,1061.0,2.168,0.9675,10162.400391,10754.6,1.2159,-0.6,10083.0,10608.27,1.2073,19422.1,10156.700195,10705.16,1.2127,1783.5,8.41,42.4,1.213,393479.0
2005-08-01,57.86,21205.6,10068.890625,1277.0,10068.900391,10623.15,8941.0,1061.0,2.2229,0.9675,10125.700195,10713.51,1.2252,0.4,10058.599609,10578.97,1.2117,19422.1,10122.599609,10641.78,1.2125,1783.5,8.41,42.4,1.2176,393479.0
2005-08-02,57.86,21205.6,10113.890625,1277.0,10113.900391,10683.74,8941.0,1061.0,2.2229,0.9675,10113.900391,10729.6,1.2255,0.4,10043.700195,10600.62,1.2171,19422.1,10048.099609,10623.79,1.2176,1783.5,8.41,42.4,1.2199,393479.0
2005-08-03,57.86,21205.6,10149.689453,1277.0,10149.700195,10697.59,8941.0,1061.0,2.2229,0.9675,10151.099609,10735.17,1.2345,0.4,10074.900391,10600.02,1.2148,19422.1,10099.900391,10681.51,1.2192,1783.5,8.41,42.4,1.2341,393479.0
2005-08-04,57.86,21205.6,10074.290039,1277.0,10074.299805,10610.1,8941.0,1061.0,2.2229,0.9675,10147.700195,10709.77,1.2404,0.4,10067.299805,10568.7,1.2298,19422.1,10144.0,10696.8,1.2333,1783.5,8.41,42.4,1.2387,393479.0
2005-08-05,57.86,21205.6,10045.390625,1277.0,10045.400391,10558.03,8941.0,1061.0,2.2229,0.9675,10082.5,10643.46,1.2399,0.4,10029.0,10512.49,1.2313,19422.1,10042.799805,10610.34,1.239,1783.5,8.41,42.4,1.2363,393479.0
2005-08-06,57.86,21205.6,10045.390625,1277.0,10045.400391,10558.03,8941.0,1061.0,2.2229,0.9675,10082.5,10643.46,1.2399,0.4,10029.0,10512.49,1.2313,19422.1,10042.799805,10610.34,1.239,1783.5,8.41,42.4,1.2363,393479.0
2005-08-07,57.86,21205.6,10045.390625,1277.0,10045.400391,10558.03,8941.0,1061.0,2.2229,0.9675,10082.5,10643.46,1.2399,0.4,10029.0,10512.49,1.2313,19422.1,10042.799805,10610.34,1.239,1783.5,8.41,42.4,1.2363,393479.0
2005-08-08,57.86,21205.6,10115.490234,1277.0,10115.5,10536.93,8941.0,1061.0,2.2229,0.9675,10128.700195,10635.65,1.2394,0.4,10045.200195,10497.45,1.2318,19422.1,10052.099609,10557.24,1.2343,1783.5,8.41,42.4,1.235,393479.0
2005-08-09,57.86,21205.6,10145.588867,1277.0,10145.599609,10615.67,8941.0,1061.0,2.2229,0.9675,10145.599609,10662.8,1.2418,0.4,10062.599609,10537.01,1.2329,19422.1,10074.400391,10537.65,1.2348,1783.5,8.41,42.4,1.2371,393479.0
2005-08-10,57.86,21205.6,10229.189453,1277.0,10229.200195,10594.41,8941.0,1061.0,2.2229,0.9675,10229.200195,10746.87,1.2427,0.4,10146.700195,10553.81,1.2334,19422.1,10150.200195,10606.52,1.2377,1783.5,8.41,42.4,1.2385,393479.0
2005-08-11,57.86,21205.6,10222.088867,1277.0,10222.099609,10685.89,8941.0,1061.0,2.2229,0.9675,10226.5,10721.56,1.2479,0.4,10156.0,10549.43,1.2379,19422.1,10189.200195,10591.83,1.2387,1783.5,8.41,42.4,1.2472,393479.0
2005-08-12,57.86,21205.6,10187.189453,1277.0,10187.200195,10600.31,8941.0,1061.0,2.2229,0.9675,10253.700195,10688.68,1.2487,0.4,10169.799805,10549.19,1.2383,19422.1,10253.400391,10682.7,1.247,1783.5,8.41,42.4,1.2437,393479.0
2005-08-13,57.86,21205.6,10187.189453,1277.0,10187.200195,10600.31,8941.0,1061.0,2.2229,0.9675,10253.700195,10688.68,1.2487,0.4,10169.799805,10549.19,1.2383,19422.1,10253.400391,10682.7,1.247,1783.5,8.41,42.4,1.2437,393479.0
2005-08-14,57.86,21205.6,10187.189453,1277.0,10187.200195,10600.31,8941.0,1061.0,2.2229,0.9675,10253.700195,10688.68,1.2487,0.4,10169.799805,10549.19,1.2383,19422.1,10253.400391,10682.7,1.247,1783.5,8.41,42.4,1.2437,393479.0
2005-08-15,57.86,21205.6,10184.889648,1277.0,10184.900391,10634.38,8941.0,1061.0,2.2229,0.9675,10206.200195,10687.72,1.2458,0.4,10162.5,10532.48,1.2344,19422.1,10163.799805,10599.19,1.2458,1783.5,8.41,42.4,1.237,393479.0
2005-08-16,57.86,21205.6,10139.789063,1277.0,10139.799805,10513.45,8941.0,1061.0,2.2229,0.9675,10223.799805,10650.14,1.2374,0.4,10105.700195,10489.24,1.2294,19422.1,10211.799805,10631.59,1.2369,1783.5,8.41,42.4,1.2363,393479.0
2005-08-17,57.86,21205.6,10094.089844,1277.0,10094.099609,10550.71,8941.0,1061.0,2.2229,0.9675,10124.0,10625.86,1.237,0.4,10043.200195,10472.45,1.2259,19422.1,10110.400391,10505.6,1.2351,1783.5,8.41,42.4,1.2274,393479.0
2005-08-18,57.86,21205.6,10037.890625,1277.0,10037.900391,10554.93,8941.0,1061.0,2.2229,0.9675,10107.5,10623.95,1.2296,0.4,10029.400391,10466.32,1.2157,19422.1,10093.5,10549.75,1.2277,1783.5,8.41,42.4,1.2176,393479.0
2005-08-19,57.86,21205.6,10132.889648,1277.0,10132.900391,10559.23,8941.0,1061.0,2.2229,0.9675,10136.5,10656.59,1.2197,0.4,10055.5,10503.9,1.2127,19422.1,10062.700195,10552.7,1.2182,1783.5,8.41,42.4,1.2154,393479.0
2005-08-20,57.86,21205.6,10132.889648,1277.0,10132.900391,10559.23,8941.0,1061.0,2.2229,0.9675,10136.5,10656.59,1.2197,0.4,10055.5,10503.9,1.2127,19422.1,10062.700195,10552.7,1.2182,1783.5,8.41,42.4,1.2154,393479.0
2005-08-21,57.86,21205.6,10132.889648,1277.0,10132.900391,10559.23,8941.0,1061.0,2.2229,0.9675,10136.5,10656.59,1.2197,0.4,10055.5,10503.9,1.2127,19422.1,10062.700195,10552.7,1.2182,1783.5,8.41,42.4,1.2154,393479.0
2005-08-22,57.86,21205.6,10174.789063,1277.0,10174.799805,10569.89,8941.0,1061.0,2.2229,0.9675,10183.0,10669.81,1.2245,0.4,10147.799805,10509.07,1.2156,19422.1,10149.0,10559.78,1.2163,1783.5,8.41,42.4,1.2225,393479.0
2005-08-23,57.86,21205.6,10104.089844,1277.0,10104.099609,10519.58,8941.0,1061.0,2.2229,0.9675,10160.200195,10604.29,1.2256,0.4,10104.099609,10475.63,1.2189,19422.1,10158.900391,10571.01,1.2222,1783.5,8.41,42.4,1.2231,393479.0
2005-08-24,57.86,21205.6,10078.890625,1277.0,10078.900391,10434.87,8941.0,1061.0,2.2229,0.9675,10096.0,10584.3,1.2282,0.4,10032.900391,10407.56,1.2159,19422.1,10082.299805,10519.34,1.2227,1783.5,8.41,42.4,1.2269,393479.0
2005-08-25,57.86,21205.6,9983.19043,1277.0,9983.200195,10450.63,8941.0,1061.0,2.2229,0.9675,10030.5,10506.6,1.2329,0.4,9975.5,10391.71,1.2256,19422.1,10026.599609,10434.39,1.2271,1783.5,8.41,42.4,1.2298,393479.0
2005-08-26,57.86,21205.6,9904.790039,1277.0,9904.799805,10397.29,8941.0,1061.0,2.2229,0.9675,10014.400391,10480.01,1.2344,0.4,9903.400391,10355.02,1.2271,19422.1,9988.700195,10450.95,1.23,1783.5,8.41,42.4,1.2283,393479.0
2005-08-27,57.86,21205.6,9904.790039,1277.0,9904.799805,10397.29,8941.0,1061.0,2.2229,0.9675,10014.400391,10480.01,1.2344,0.4,9903.400391,10355.02,1.2271,19422.1,9988.700195,10450.95,1.23,1783.5,8.41,42.4,1.2283,393479.0
2005-08-28,57.86,21205.6,9904.790039,1277.0,9904.799805,10397.29,8941.0,1061.0,2.2229,0.9675,10014.400391,10480.01,1.2344,0.4,9903.400391,10355.02,1.2271,19422.1,9988.700195,10450.95,1.23,1783.5,8.41,42.4,1.2283,393479.0
2005-08-29,57.86,21205.6,9938.490234,1277.0,9938.5,10463.05,8941.0,1061.0,2.2229,0.9675,9946.099609,10508.35,1.2346,0.4,9823.799805,10321.42,1.2215,19422.1,9862.400391,10396.9,1.2285,1783.5,8.41,42.4,1.2231,393479.0
2005-08-30,57.86,21205.6,9922.290039,1277.0,9922.299805,10412.82,8941.0,1061.0,2.2229,0.9675,9977.900391,10476.83,1.2238,0.4,9922.299805,10329.15,1.2168,19422.1,9939.400391,10461.54,1.2221,1783.5,8.41,42.4,1.2218,393479.0
2005-08-31,57.86,21205.6,10008.890625,1277.0,10008.900391,10481.6,8941.0,1061.0,2.2229,0.9675,10019.700195,10508.83,1.2359,0.4,9906.900391,10326.68,1.2188,19422.1,9916.700195,10409.08,1.2218,1783.5,8.41,42.4,1.2344,393479.0
2005-09-01,57.86,21205.6,10134.088867,1277.0,10134.099609,10459.63,8941.0,1061.0,2.2195,0.9675,10143.299805,10557.47,1.2525,0.6,10048.400391,10382.09,1.2325,19422.1,10049.900391,10481.44,1.2339,1783.5,8.41,42.4,1.2501,393479.0
2005-09-02,57.86,21205.6,10144.989258,1277.0,10145.0,10447.37,8941.0,1061.0,2.2195,0.9675,10184.799805,10536.14,1.259,0.6,10113.799805,10400.88,1.2466,19422.1,10119.900391,10460.67,1.2502,1783.5,8.41,42.4,1.2525,393479.0
2005-09-03,57.86,21205.6,10144.989258,1277.0,10145.0,10447.37,8941.0,1061.0,2.2195,0.9675,10184.799805,10536.14,1.259,0.6,10113.799805,10400.88,1.2466,19422.1,10119.900391,10460.67,1.2502,1783.5,8.41,42.4,1.2525,393479.0
2005-09-04,57.86,21205.6,10144.989258,1277.0,10145.0,10447.37,8941.0,1061.0,2.2195,0.9675,10184.799805,10536.14,1.259,0.6,10113.799805,10400.88,1.2466,19422.1,10119.900391,10460.67,1.2502,1783.5,8.41,42.4,1.2525,393479.0
2005-09-05,57.86,21205.6,10250.889648,1277.0,10250.900391,10447.37,8941.0,1061.0,2.2195,0.9675,10250.900391,10536.14,1.2586,0.6,10148.700195,10400.88,1.251,19422.1,10157.200195,10460.67,1.2536,1783.5,8.41,42.4,1.254,393479.0
2005-09-06,57.86,21205.6,10373.189453,1277.0,10373.200195,10589.24,8941.0,1061.0,2.2195,0.9675,10377.5,10621.96,1.2546,0.6,10253.599609,10467.51,1.2444,19422.1,10254.0,10447.69,1.2545,1783.5,8.41,42.4,1.2462,393479.0
2005-09-07,57.86,21205.6,10407.989258,1277.0,10408.0,10633.5,8941.0,1061.0,2.2195,0.9675,10421.099609,10667.1,1.2537,0.6,10377.299805,10534.23,1.2406,19422.1,10391.799805,10588.68,1.2466,1783.5,8.41,42.4,1.2418,393479.0
2005-09-08,57.86,21205.6,10441.189453,1277.0,10441.200195,10595.93,8941.0,1061.0,2.2195,0.9675,10445.5,10670.6,1.2458,0.6,10371.700195,10530.01,1.2382,19422.1,10418.5,10633.11,1.2414,1783.5,8.41,42.4,1.2403,393479.0
2005-09-09,57.86,21205.6,10486.588867,1277.0,10486.599609,10678.56,8941.0,1061.0,2.2195,0.9675,10494.200195,10727.53,1.2461,0.6,10444.200195,10573.47,1.2374,19422.1,10450.5,10594.1,1.2396,1783.5,8.41,42.4,1.2409,393479.0
2005-09-10,57.86,21205.6,10486.588867,1277.0,10486.599609,10678.56,8941.0,1061.0,2.2195,0.9675,10494.200195,10727.53,1.2461,0.6,10444.200195,10573.47,1.2374,19422.1,10450.5,10594.1,1.2396,1783.5,8.41,42.4,1.2409,393479.0
2005-09-11,57.86,21205.6,10486.588867,1277.0,10486.599609,10678.56,8941.0,1061.0,2.2195,0.9675,10494.200195,10727.53,1.2461,0.6,10444.200195,10573.47,1.2374,19422.1,10450.5,10594.1,1.2396,1783.5,8.41,42.4,1.2409,393479.0
2005-09-12,57.86,21205.6,10494.689453,1277.0,10494.700195,10682.94,8941.0,1061.0,2.2195,0.9675,10532.5,10743.77,1.2417,0.6,10437.099609,10618.13,1.2272,19422.1,10519.900391,10678.41,1.2404,1783.5,8.41,42.4,1.228,393479.0
2005-09-13,57.86,21205.6,10429.789063,1277.0,10429.799805,10597.44,8941.0,1061.0,2.2195,0.9675,10514.200195,10701.57,1.2318,0.6,10421.900391,10561.61,1.2246,19422.1,10479.599609,10673.71,1.2277,1783.5,8.41,42.4,1.2265,393479.0
2005-09-14,57.86,21205.6,10459.088867,1277.0,10459.099609,10544.9,8941.0,1061.0,2.2195,0.9675,10483.700195,10673.71,1.2337,0.6,10421.200195,10510.26,1.2258,19422.1,10433.400391,10597.52,1.227,1783.5,8.41,42.4,1.2288,393479.0
2005-09-15,57.86,21205.6,10475.689453,1277.0,10475.700195,10558.75,8941.0,1061.0,2.2195,0.9675,10492.099609,10627.85,1.2288,0.6,10432.299805,10488.05,1.2191,19422.1,10451.700195,10545.85,1.2283,1783.5,8.41,42.4,1.2222,393479.0
2005-09-16,57.86,21205.6,10532.088867,1277.0,10532.099609,10641.94,8941.0,1061.0,2.2195,0.9675,10560.599609,10696.24,1.231,0.6,10467.599609,10539.64,1.2196,19422.1,10472.5,10560.5,1.2223,1783.5,8.41,42.4,1.2236,393479.0
2005-09-17,57.86,21205.6,10532.088867,1277.0,10532.099609,10641.94,8941.0,1061.0,2.2195,0.9675,10560.599609,10696.24,1.231,0.6,10467.599609,10539.64,1.2196,19422.1,10472.5,10560.5,1.2223,1783.5,8.41,42.4,1.2236,393479.0
2005-09-18,57.86,21205.6,10532.088867,1277.0,10532.099609,10641.94,8941.0,1061.0,2.2195,0.9675,10560.599609,10696.24,1.231,0.6,10467.599609,10539.64,1.2196,19422.1,10472.5,10560.5,1.2223,1783.5,8.41,42.4,1.2236,393479.0
2005-09-19,57.86,21205.6,10535.989258,1277.0,10536.0,10557.63,8941.0,1061.0,2.2195,0.9675,10561.700195,10656.75,1.2178,0.6,10475.900391,10497.29,1.21,19422.1,10511.099609,10641.87,1.2168,1783.5,8.41,42.4,1.2138,393479.0
2005-09-20,57.86,21205.6,10583.389648,1277.0,10583.400391,10481.52,8941.0,1061.0,2.2195,0.9675,10583.400391,10642.26,1.2193,0.6,10537.0,10453.98,1.2109,19422.1,10557.0,10558.19,1.2138,1783.5,8.41,42.4,1.2117,393479.0
2005-09-21,57.86,21205.6,10500.289063,1277.0,10500.299805,10378.03,8941.0,1061.0,2.2195,0.9675,10567.5,10512.02,1.2241,0.6,10494.599609,10335.28,1.211,19422.1,10542.5,10484.23,1.2121,1783.5,8.41,42.4,1.2217,393479.0
2005-09-22,57.86,21205.6,10536.588867,1277.0,10536.599609,10422.05,8941.0,1061.0,2.2195,0.9675,10572.5,10489.64,1.2271,0.6,10464.400391,10303.51,1.2132,19422.1,10486.5,10376.2,1.2224,1783.5,8.41,42.4,1.2153,393479.0
2005-09-23,57.86,21205.6,10631.189453,1277.0,10631.200195,10419.59,8941.0,1061.0,2.2195,0.9675,10642.799805,10494.42,1.2172,0.6,10542.099609,10328.59,1.2037,19422.1,10558.400391,10421.81,1.2159,1783.5,8.41,42.4,1.2039,393479.0
2005-09-24,57.86,21205.6,10631.189453,1277.0,10631.200195,10419.59,8941.0,1061.0,2.2195,0.9675,10642.799805,10494.42,1.2172,0.6,10542.099609,10328.59,1.2037,19422.1,10558.400391,10421.81,1.2159,1783.5,8.41,42.4,1.2039,393479.0
2005-09-25,57.86,21205.6,10631.189453,1277.0,10631.200195,10419.59,8941.0,1061.0,2.2195,0.9675,10642.799805,10494.42,1.2172,0.6,10542.099609,10328.59,1.2037,19422.1,10558.400391,10421.81,1.2159,1783.5,8.41,42.4,1.2039,393479.0
2005-09-26,57.86,21205.6,10724.889648,1277.0,10724.900391,10443.63,8941.0,1061.0,2.2195,0.9675,10741.0,10544.98,1.2083,0.6,10664.200195,10381.53,1.201,19422.1,10671.0,10420.22,1.2035,1783.5,8.41,42.4,1.2075,393479.0
2005-09-27,57.86,21205.6,10678.489258,1277.0,10678.5,10456.21,8941.0,1061.0,2.2195,0.9675,10725.900391,10534.31,1.2084,0.6,10669.099609,10376.83,1.1977,19422.1,10714.400391,10444.58,1.2074,1783.5,8.41,42.4,1.2016,393479.0
2005-09-28,57.86,21205.6,10801.689453,1277.0,10801.700195,10473.09,8941.0,1061.0,2.2195,0.9675,10818.400391,10560.02,1.2058,0.6,10708.400391,10390.05,1.1991,19422.1,10711.700195,10456.61,1.2014,1783.5,8.41,42.4,1.2041,393479.0
2005-09-29,57.86,21205.6,10780.588867,1277.0,10780.599609,10552.78,8941.0,1061.0,2.2195,0.9675,10832.900391,10583.43,1.2079,0.6,10751.900391,10389.01,1.2005,19422.1,10818.5,10472.61,1.2043,1783.5,8.41,42.4,1.2033,393479.0
2005-09-30,57.86,21205.6,10813.889648,1277.0,10813.900391,10568.7,8941.0,1061.0,2.2195,0.9675,10851.400391,10625.22,1.209,0.6,10793.599609,10471.49,1.1996,19422.1,10834.299805,10552.7,1.2034,1783.5,8.41,42.4,1.203,393479.0
2005-10-01,58.08,21369.5,10813.889648,1277.0,10813.900391,10568.7,8941.0,1061.0,2.4136,1.0015,10851.400391,10625.22,1.209,0.6,10793.599609,10471.49,1.1996,19509.2,10834.299805,10552.7,1.2034,1860.3,8.71,42.4,1.203,393479.0
2005-10-02,58.08,21369.5,10813.889648,1277.0,10813.900391,10568.7,8941.0,1061.0,2.4136,1.0015,10851.400391,10625.22,1.209,0.6,10793.599609,10471.49,1.1996,19509.2,10834.299805,10552.7,1.2034,1860.3,8.71,42.4,1.203,393479.0
2005-10-03,58.08,21369.5,10880.689453,1277.0,10880.700195,10535.48,8941.0,1061.0,2.4136,1.0015,10880.700195,10637.0,1.2033,0.8,10815.400391,10486.17,1.19,19509.2,10835.799805,10569.5,1.2022,1860.3,8.71,42.4,1.1923,393479.0
2005-10-04,58.08,21369.5,10919.189453,1277.0,10919.200195,10441.11,8941.0,1061.0,2.4136,1.0015,10919.200195,10618.41,1.1951,0.8,10824.900391,10409.89,1.19,19509.2,10883.900391,10534.36,1.1921,1860.3,8.71,42.4,1.1917,393479.0
2005-10-05,58.08,21369.5,10823.088867,1277.0,10823.099609,10317.36,8941.0,1061.0,2.4136,1.0015,10874.299805,10477.21,1.1989,0.8,10822.700195,10299.27,1.1915,19509.2,10843.5,10434.81,1.1919,1860.3,8.71,42.4,1.1976,393479.0
2005-10-06,58.08,21369.5,10750.889648,1277.0,10750.900391,10287.1,8941.0,1061.0,2.4136,1.0015,10761.900391,10425.98,1.2208,0.8,10680.700195,10200.81,1.1983,19509.2,10723.299805,10317.36,1.1987,1860.3,8.71,42.4,1.2185,393479.0
2005-10-07,58.08,21369.5,10732.389648,1277.0,10732.400391,10292.31,8941.0,1061.0,2.4136,1.0015,10765.299805,10387.48,1.2185,0.8,10698.099609,10221.47,1.2093,19509.2,10742.5,10287.42,1.2185,1860.3,8.71,42.4,1.2119,393479.0
2005-10-08,58.08,21369.5,10732.389648,1277.0,10732.400391,10292.31,8941.0,1061.0,2.4136,1.0015,10765.299805,10387.48,1.2185,0.8,10698.099609,10221.47,1.2093,19509.2,10742.5,10287.42,1.2185,1860.3,8.71,42.4,1.2119,393479.0
2005-10-09,58.08,21369.5,10732.389648,1277.0,10732.400391,10292.31,8941.0,1061.0,2.4136,1.0015,10765.299805,10387.48,1.2185,0.8,10698.099609,10221.47,1.2093,19509.2,10742.5,10287.42,1.2185,1860.3,8.71,42.4,1.2119,393479.0
2005-10-10,58.08,21369.5,10800.588867,1277.0,10800.599609,10238.76,8941.0,1061.0,2.4136,1.0015,10819.799805,10378.19,1.2155,0.8,10754.0,10184.09,1.2039,19509.2,10754.099609,10292.95,1.2119,1860.3,8.71,42.4,1.2071,393479.0
2005-10-11,58.08,21369.5,10810.189453,1277.0,10810.200195,10253.17,8941.0,1061.0,2.4136,1.0015,10866.200195,10361.15,1.2071,0.8,10795.200195,10195.13,1.1974,19509.2,10795.200195,10239.16,1.2064,1860.3,8.71,42.4,1.1991,393479.0
2005-10-12,58.08,21369.5,10721.789063,1277.0,10721.799805,10216.91,8941.0,1061.0,2.4136,1.0015,10768.400391,10343.94,1.2056,0.8,10690.799805,10145.03,1.1953,19509.2,10766.799805,10253.81,1.1993,1860.3,8.71,42.4,1.2024,393479.0
2005-10-13,58.08,21369.5,10567.088867,1277.0,10567.099609,10216.59,8941.0,1061.0,2.4136,1.0015,10735.400391,10309.2,1.2038,0.8,10567.099609,10098.18,1.1911,19509.2,10689.400391,10216.91,1.2026,1860.3,8.71,42.4,1.2027,393479.0
2005-10-14,58.08,21369.5,10629.289063,1277.0,10629.299805,10287.34,8941.0,1061.0,2.4136,1.0015,10645.5,10327.21,1.2109,0.8,10513.0,10165.12,1.1976,19509.2,10645.5,10216.59,1.2027,1860.3,8.71,42.4,1.2077,393479.0
2005-10-15,58.08,21369.5,10629.289063,1277.0,10629.299805,10287.34,8941.0,1061.0,2.4136,1.0015,10645.5,10327.21,1.2109,0.8,10513.0,10165.12,1.1976,19509.2,10645.5,10216.59,1.2027,1860.3,8.71,42.4,1.2077,393479.0
2005-10-16,58.08,21369.5,10629.289063,1277.0,10629.299805,10287.34,8941.0,1061.0,2.4136,1.0015,10645.5,10327.21,1.2109,0.8,10513.0,10165.12,1.1976,19509.2,10645.5,10216.59,1.2027,1860.3,8.71,42.4,1.2077,393479.0
2005-10-17,58.08,21369.5,10629.489258,1277.0,10629.5,10348.1,8941.0,1061.0,2.4136,1.0015,10678.900391,10419.58,1.2122,0.8,10615.400391,10213.06,1.2009,19509.2,10646.700195,10287.42,1.2082,1860.3,8.71,42.4,1.2025,393479.0
2005-10-18,58.08,21369.5,10529.889648,1277.0,10529.900391,10285.26,8941.0,1061.0,2.4136,1.0015,10663.900391,10412.85,1.2026,0.8,10521.599609,10233.47,1.1916,19509.2,10633.299805,10349.14,1.2022,1860.3,8.71,42.4,1.1963,393479.0
2005-10-19,58.08,21369.5,10402.489258,1277.0,10402.5,10414.13,8941.0,1061.0,2.4136,1.0015,10454.5,10444.15,1.2003,0.8,10356.5,10173.52,1.1873,19509.2,10452.200195,10277.18,1.1963,1860.3,8.71,42.4,1.1993,393479.0
2005-10-20,58.08,21369.5,10382.289063,1277.0,10382.299805,10281.1,8941.0,1061.0,2.4136,1.0015,10512.700195,10483.21,1.2026,0.8,10351.0,10230.27,1.1947,19509.2,10469.5,10411.73,1.1989,1860.3,8.71,42.4,1.2016,393479.0
2005-10-21,58.08,21369.5,10368.789063,1277.0,10368.799805,10215.22,8941.0,1061.0,2.4136,1.0015,10409.799805,10354.02,1.2079,0.8,10326.0,10161.6,1.193,19509.2,10343.799805,10282.22,1.2018,1860.3,8.71,42.4,1.1949,393479.0
2005-10-22,58.08,21369.5,10368.789063,1277.0,10368.799805,10215.22,8941.0,1061.0,2.4136,1.0015,10409.799805,10354.02,1.2079,0.8,10326.0,10161.6,1.193,19509.2,10343.799805,10282.22,1.2018,1860.3,8.71,42.4,1.1949,393479.0
2005-10-23,58.08,21369.5,10368.789063,1277.0,10368.799805,10215.22,8941.0,1061.0,2.4136,1.0015,10409.799805,10354.02,1.2079,0.8,10326.0,10161.6,1.193,19509.2,10343.799805,10282.22,1.2018,1860.3,8.71,42.4,1.1949,393479.0
2005-10-24,58.08,21369.5,10534.489258,1277.0,10534.5,10385.0,8941.0,1061.0,2.4136,1.0015,10534.5,10411.57,1.2023,0.8,10347.099609,10219.15,1.1921,19509.2,10359.099609,10216.11,1.1948,1860.3,8.71,42.4,1.1985,393479.0
2005-10-25,58.08,21369.5,10476.588867,1277.0,10476.599609,10377.87,8941.0,1061.0,2.4136,1.0015,10562.700195,10457.52,1.2119,0.8,10464.400391,10282.78,1.1936,19509.2,10556.5,10383.88,1.198,1860.3,8.71,42.4,1.2113,393479.0
2005-10-26,58.08,21369.5,10473.389648,1277.0,10473.400391,10344.98,8941.0,1061.0,2.4136,1.0015,10544.5,10474.18,1.214,0.8,10435.200195,10283.1,1.2048,19509.2,10470.5,10377.39,1.2109,1860.3,8.71,42.4,1.2066,393479.0
2005-10-27,58.08,21369.5,10328.588867,1277.0,10328.599609,10229.95,8941.0,1061.0,2.4136,1.0015,10424.599609,10379.72,1.2174,0.8,10327.400391,10205.78,1.2041,19509.2,10409.5,10344.74,1.2062,1860.3,8.71,42.4,1.2138,393479.0
2005-10-28,58.08,21369.5,10339.489258,1277.0,10339.5,10402.77,8941.0,1061.0,2.4136,1.0015,10362.400391,10433.51,1.2172,0.8,10256.0,10213.14,1.2048,19509.2,10327.700195,10231.15,1.2138,1860.3,8.71,42.4,1.2062,393479.0
2005-10-29,58.08,21369.5,10339.489258,1277.0,10339.5,10402.77,8941.0,1061.0,2.4136,1.0015,10362.400391,10433.51,1.2172,0.8,10256.0,10213.14,1.2048,19509.2,10327.700195,10231.15,1.2138,1860.3,8.71,42.4,1.2062,393479.0
2005-10-30,58.08,21369.5,10339.489258,1277.0,10339.5,10402.77,8941.0,1061.0,2.4136,1.0015,10362.400391,10433.51,1.2172,0.8,10256.0,10213.14,1.2048,19509.2,10327.700195,10231.15,1.2138,1860.3,8.71,42.4,1.2062,393479.0
2005-10-31,58.08,21369.5,10493.789063,1277.0,10493.799805,10440.07,8941.0,1061.0,2.4136,1.0015,10493.799805,10539.16,1.2091,0.8,10412.900391,10372.67,1.1966,19509.2,10417.200195,10403.17,1.2057,1860.3,8.71,42.4,1.1988,393479.0
2005-11-01,58.08,21369.5,10427.189453,1277.0,10427.200195,10406.77,8941.0,1061.0,2.6844,1.0015,10485.599609,10510.03,1.2027,0.2,10415.099609,10352.42,1.197,19509.2,10469.400391,10437.51,1.1995,1860.3,8.71,42.4,1.201,393479.0
2005-11-02,58.08,21369.5,10424.489258,1277.0,10424.5,10472.73,8941.0,1061.0,2.6844,1.0015,10469.900391,10527.32,1.2085,0.2,10336.099609,10347.7,1.1984,19509.2,10432.400391,10406.29,1.2022,1860.3,8.71,42.4,1.2067,393479.0
2005-11-03,58.08,21369.5,10476.889648,1277.0,10476.900391,10522.59,8941.0,1061.0,2.6844,1.0015,10500.400391,10613.84,1.2087,0.2,10432.599609,10421.98,1.1934,19509.2,10467.900391,10470.49,1.207,1860.3,8.71,42.4,1.1945,393479.0
2005-11-04,58.08,21369.5,10412.289063,1277.0,10412.299805,10530.76,8941.0,1061.0,2.6844,1.0015,10486.700195,10593.51,1.1997,0.2,10389.200195,10441.59,1.1801,19509.2,10479.200195,10523.23,1.1947,1860.3,8.71,42.4,1.1822,393479.0
2005-11-05,58.08,21369.5,10412.289063,1277.0,10412.299805,10530.76,8941.0,1061.0,2.6844,1.0015,10486.700195,10593.51,1.1997,0.2,10389.200195,10441.59,1.1801,19509.2,10479.200195,10523.23,1.1947,1860.3,8.71,42.4,1.1822,393479.0
2005-11-06,58.08,21369.5,10412.289063,1277.0,10412.299805,10530.76,8941.0,1061.0,2.6844,1.0015,10486.700195,10593.51,1.1997,0.2,10389.200195,10441.59,1.1801,19509.2,10479.200195,10523.23,1.1947,1860.3,8.71,42.4,1.1822,393479.0
2005-11-07,58.08,21369.5,10420.889648,1277.0,10420.900391,10586.23,8941.0,1061.0,2.6844,1.0015,10455.599609,10632.34,1.1837,0.2,10362.0,10488.74,1.1772,19509.2,10406.200195,10531.24,1.1814,1860.3,8.71,42.4,1.1812,393479.0
2005-11-08,58.08,21369.5,10440.189453,1277.0,10440.200195,10539.72,8941.0,1061.0,2.6844,1.0015,10483.200195,10606.8,1.1808,0.2,10410.400391,10478.49,1.1709,19509.2,10440.700195,10574.18,1.1805,1860.3,8.71,42.4,1.1782,393479.0
2005-11-09,58.08,21369.5,10456.289063,1277.0,10456.299805,10546.21,8941.0,1061.0,2.6844,1.0015,10475.900391,10637.78,1.1795,0.2,10428.099609,10466.24,1.1717,19509.2,10434.099609,10539.24,1.1782,1860.3,8.71,42.4,1.1766,393479.0
2005-11-10,58.08,21369.5,10438.389648,1277.0,10438.400391,10640.1,8941.0,1061.0,2.6844,1.0015,10491.200195,10680.2,1.1799,0.2,10407.599609,10484.17,1.1677,19509.2,10484.900391,10541.16,1.1766,1860.3,8.71,42.4,1.1686,393479.0
2005-11-11,58.08,21369.5,10510.289063,1277.0,10510.299805,10686.04,8941.0,1061.0,2.6844,1.0015,10518.900391,10725.99,1.1735,0.2,10471.400391,10595.89,1.1671,19509.2,10491.400391,10641.3,1.1685,1860.3,8.71,42.4,1.1724,393479.0
2005-11-12,58.08,21369.5,10510.289063,1277.0,10510.299805,10686.04,8941.0,1061.0,2.6844,1.0015,10518.900391,10725.99,1.1735,0.2,10471.400391,10595.89,1.1671,19509.2,10491.400391,10641.3,1.1685,1860.3,8.71,42.4,1.1724,393479.0
2005-11-13,58.08,21369.5,10510.289063,1277.0,10510.299805,10686.04,8941.0,1061.0,2.6844,1.0015,10518.900391,10725.99,1.1735,0.2,10471.400391,10595.89,1.1671,19509.2,10491.400391,10641.3,1.1685,1860.3,8.71,42.4,1.1724,393479.0
2005-11-14,58.08,21369.5,10504.588867,1277.0,10504.599609,10697.17,8941.0,1061.0,2.6844,1.0015,10561.700195,10756.88,1.1774,0.2,10473.799805,10618.89,1.166,19509.2,10490.700195,10686.6,1.1723,1860.3,8.71,42.4,1.1694,393479.0
2005-11-15,58.08,21369.5,10456.289063,1277.0,10456.299805,10686.44,8941.0,1061.0,2.6844,1.0015,10508.200195,10783.62,1.1732,0.2,10413.0,10610.08,1.1641,19509.2,10489.599609,10697.01,1.169,1860.3,8.71,42.4,1.1721,393479.0
2005-11-16,58.08,21369.5,10391.689453,1277.0,10391.700195,10674.76,8941.0,1061.0,2.6844,1.0015,10455.5,10780.98,1.1738,0.2,10338.700195,10574.46,1.1643,19509.2,10453.5,10683.03,1.1719,1860.3,8.71,42.4,1.1672,393479.0
2005-11-17,58.08,21369.5,10445.189453,1277.0,10445.200195,10720.22,8941.0,1061.0,2.6844,1.0015,10468.400391,10778.5,1.1765,0.2,10421.099609,10619.61,1.1639,19509.2,10430.900391,10677.0,1.1667,1860.3,8.71,42.4,1.1759,393479.0
2005-11-18,58.08,21369.5,10527.088867,1277.0,10527.099609,10766.33,8941.0,1061.0,2.6844,1.0015,10577.299805,10865.58,1.1795,0.2,10485.900391,10663.79,1.1662,19509.2,10502.299805,10719.34,1.1757,1860.3,8.71,42.4,1.1768,393479.0
2005-11-19,58.08,21369.5,10527.088867,1277.0,10527.099609,10766.33,8941.0,1061.0,2.6844,1.0015,10577.299805,10865.58,1.1795,0.2,10485.900391,10663.79,1.1662,19509.2,10502.299805,10719.34,1.1757,1860.3,8.71,42.4,1.1768,393479.0
2005-11-20,58.08,21369.5,10527.088867,1277.0,10527.099609,10766.33,8941.0,1061.0,2.6844,1.0015,10577.299805,10865.58,1.1795,0.2,10485.900391,10663.79,1.1662,19509.2,10502.299805,10719.34,1.1757,1860.3,8.71,42.4,1.1768,393479.0
2005-11-21,58.08,21369.5,10535.088867,1277.0,10535.099609,10820.28,8941.0,1061.0,2.6844,1.0015,10556.900391,10871.11,1.1841,0.2,10498.200195,10708.86,1.1717,19509.2,10532.900391,10766.33,1.1776,1860.3,8.71,42.4,1.1728,393479.0
2005-11-22,58.08,21369.5,10522.889648,1277.0,10522.900391,10871.43,8941.0,1061.0,2.6844,1.0015,10559.099609,10907.77,1.1825,0.2,10491.700195,10729.99,1.1684,19509.2,10557.400391,10815.96,1.1728,1860.3,8.71,42.4,1.1812,393479.0
2005-11-23,58.08,21369.5,10626.689453,1277.0,10626.700195,10916.09,8941.0,1061.0,2.6844,1.0015,10631.799805,10974.84,1.1865,0.2,10534.799805,10825.32,1.1761,19509.2,10544.599609,10871.43,1.182,1860.3,8.71,42.4,1.182,393479.0
2005-11-24,58.08,21369.5,10634.189453,1277.0,10634.200195,10916.09,8941.0,1061.0,2.6844,1.0015,10670.400391,10974.84,1.1827,0.2,10593.400391,10825.32,1.1765,19509.2,10643.0,10871.43,1.1824,1860.3,8.71,42.4,1.1787,393479.0
2005-11-25,58.08,21369.5,10656.289063,1277.0,10656.299805,10931.62,8941.0,1061.0,2.6844,1.0015,10672.599609,10997.5,1.179,0.2,10625.0,10883.55,1.1708,19509.2,10649.299805,10915.13,1.1787,1860.3,8.71,42.4,1.1724,393479.0
2005-11-26,58.08,21369.5,10656.289063,1277.0,10656.299805,10931.62,8941.0,1061.0,2.6844,1.0015,10672.599609,10997.5,1.179,0.2,10625.0,10883.55,1.1708,19509.2,10649.299805,10915.13,1.1787,1860.3,8.71,42.4,1.1724,393479.0
2005-11-27,58.08,21369.5,10656.289063,1277.0,10656.299805,10931.62,8941.0,1061.0,2.6844,1.0015,10672.599609,10997.5,1.179,0.2,10625.0,10883.55,1.1708,19509.2,10649.299805,10915.13,1.1787,1860.3,8.71,42.4,1.1724,393479.0
2005-11-28,58.08,21369.5,10618.789063,1277.0,10618.799805,10890.72,8941.0,1061.0,2.6844,1.0015,10716.799805,10992.39,1.1905,0.2,10609.599609,10839.37,1.1682,19509.2,10677.200195,10932.74,1.1716,1860.3,8.71,42.4,1.1851,393479.0
2005-11-29,58.08,21369.5,10620.088867,1277.0,10620.099609,10888.16,8941.0,1061.0,2.6844,1.0015,10657.900391,10994.85,1.1864,0.2,10583.0,10850.29,1.1738,19509.2,10604.200195,10888.48,1.1845,1860.3,8.71,42.4,1.1785,393479.0
2005-11-30,58.08,21369.5,10557.789063,1277.0,10557.799805,10805.87,8941.0,1061.0,2.6844,1.0015,10604.200195,10959.8,1.1805,0.2,10540.5,10789.38,1.1755,19509.2,10596.799805,10883.91,1.1778,1860.3,8.71,42.4,1.1789,393479.0
2005-12-01,58.08,21369.5,10678.689453,1277.0,10678.700195,10912.57,8941.0,1061.0,2.7833,1.0015,10678.700195,10969.97,1.1805,0.2,10580.0,10819.15,1.1688,19509.2,10580.0,10806.03,1.1789,1860.3,8.71,42.4,1.1734,393479.0
2005-12-02,58.08,21369.5,10649.789063,1277.0,10649.799805,10877.51,8941.0,1061.0,2.7833,1.0015,10699.5,10952.83,1.1751,0.2,10611.799805,10818.36,1.1662,19509.2,10692.200195,10912.01,1.1734,1860.3,8.71,42.4,1.1717,393479.0
2005-12-03,58.08,21369.5,10649.789063,1277.0,10649.799805,10877.51,8941.0,1061.0,2.7833,1.0015,10699.5,10952.83,1.1751,0.2,10611.799805,10818.36,1.1662,19509.2,10692.200195,10912.01,1.1734,1860.3,8.71,42.4,1.1717,393479.0
2005-12-04,58.08,21369.5,10649.789063,1277.0,10649.799805,10877.51,8941.0,1061.0,2.7833,1.0015,10699.5,10952.83,1.1751,0.2,10611.799805,10818.36,1.1662,19509.2,10692.200195,10912.01,1.1734,1860.3,8.71,42.4,1.1717,393479.0
2005-12-05,58.08,21369.5,10532.088867,1277.0,10532.099609,10835.01,8941.0,1061.0,2.7833,1.0015,10669.0,10923.37,1.1821,0.2,10495.5,10766.57,1.1688,19509.2,10669.0,10876.95,1.1704,1860.3,8.71,42.4,1.1784,393479.0
2005-12-06,58.08,21369.5,10539.289063,1277.0,10539.299805,10856.86,8941.0,1061.0,2.7833,1.0015,10562.299805,10924.9,1.181,0.2,10501.400391,10809.15,1.1755,19509.2,10538.799805,10835.41,1.1791,1860.3,8.71,42.4,1.1787,393479.0
2005-12-07,58.08,21369.5,10506.588867,1277.0,10506.599609,10810.91,8941.0,1061.0,2.7833,1.0015,10555.599609,10916.89,1.1804,0.2,10479.0,10737.27,1.1702,19509.2,10553.900391,10856.86,1.1785,1860.3,8.71,42.4,1.1722,393479.0
2005-12-08,58.08,21369.5,10495.789063,1277.0,10495.799805,10755.12,8941.0,1061.0,2.7833,1.0015,10495.799805,10871.11,1.185,0.2,10423.900391,10705.17,1.1701,19509.2,10437.0,10808.43,1.1721,1860.3,8.71,42.4,1.1817,393479.0
2005-12-09,58.08,21369.5,10489.289063,1277.0,10489.299805,10778.58,8941.0,1061.0,2.7833,1.0015,10501.099609,10845.33,1.1839,0.2,10438.299805,10694.05,1.1764,19509.2,10453.299805,10751.76,1.182,1860.3,8.71,42.4,1.1812,393479.0
2005-12-10,58.08,21369.5,10489.289063,1277.0,10489.299805,10778.58,8941.0,1061.0,2.7833,1.0015,10501.099609,10845.33,1.1839,0.2,10438.299805,10694.05,1.1764,19509.2,10453.299805,10751.76,1.182,1860.3,8.71,42.4,1.1812,393479.0
2005-12-11,58.08,21369.5,10489.289063,1277.0,10489.299805,10778.58,8941.0,1061.0,2.7833,1.0015,10501.099609,10845.33,1.1839,0.2,10438.299805,10694.05,1.1764,19509.2,10453.299805,10751.76,1.182,1860.3,8.71,42.4,1.1812,393479.0
2005-12-12,58.08,21369.5,10539.989258,1277.0,10540.0,10767.77,8941.0,1061.0,2.7833,1.0015,10587.900391,10857.02,1.1984,0.2,10500.0,10707.18,1.1777,19509.2,10521.700195,10778.66,1.1781,1860.3,8.71,42.4,1.1955,393479.0
2005-12-13,58.08,21369.5,10533.588867,1277.0,10533.599609,10823.72,8941.0,1061.0,2.7833,1.0015,10561.799805,10902.64,1.1987,0.2,10501.900391,10694.29,1.1903,19509.2,10544.0,10765.69,1.1952,1860.3,8.71,42.4,1.1937,393479.0
2005-12-14,58.08,21369.5,10502.389648,1277.0,10502.400391,10883.51,8941.0,1061.0,2.7833,1.0015,10572.400391,10953.07,1.2063,0.2,10484.799805,10786.34,1.193,19509.2,10559.599609,10821.32,1.1945,1860.3,8.71,42.4,1.2004,393479.0
2005-12-15,58.08,21369.5,10483.489258,1277.0,10483.5,10881.67,8941.0,1061.0,2.7833,1.0015,10517.599609,10985.01,1.2039,0.2,10450.599609,10803.55,1.1934,19509.2,10509.400391,10883.43,1.2001,1860.3,8.71,42.4,1.1978,393479.0
2005-12-16,58.08,21369.5,10555.289063,1277.0,10555.299805,10875.59,8941.0,1061.0,2.7833,1.0015,10602.099609,10978.21,1.2028,0.2,10462.799805,10830.84,1.1934,19509.2,10488.400391,10881.67,1.1975,1860.3,8.71,42.4,1.2013,393479.0
2005-12-17,58.08,21369.5,10555.289063,1277.0,10555.299805,10875.59,8941.0,1061.0,2.7833,1.0015,10602.099609,10978.21,1.2028,0.2,10462.799805,10830.84,1.1934,19509.2,10488.400391,10881.67,1.1975,1860.3,8.71,42.4,1.2013,393479.0
2005-12-18,58.08,21369.5,10555.289063,1277.0,10555.299805,10875.59,8941.0,1061.0,2.7833,1.0015,10602.099609,10978.21,1.2028,0.2,10462.799805,10830.84,1.1934,19509.2,10488.400391,10881.67,1.1975,1860.3,8.71,42.4,1.2013,393479.0
2005-12-19,58.08,21369.5,10528.289063,1277.0,10528.299805,10836.53,8941.0,1061.0,2.7833,1.0015,10587.0,10970.04,1.204,0.2,10514.099609,10781.7,1.1973,19509.2,10549.599609,10875.51,1.2027,1860.3,8.71,42.4,1.2004,393479.0
2005-12-20,58.08,21369.5,10572.289063,1277.0,10572.299805,10805.55,8941.0,1061.0,2.7833,1.0015,10584.400391,10905.28,1.2015,0.2,10495.900391,10754.56,1.1838,19509.2,10513.5,10836.93,1.2007,1860.3,8.71,42.4,1.187,393479.0
2005-12-21,58.08,21369.5,10682.689453,1277.0,10682.700195,10833.73,8941.0,1061.0,2.7833,1.0015,10694.700195,10933.7,1.1912,0.2,10576.200195,10776.01,1.1799,19509.2,10578.5,10805.63,1.1858,1860.3,8.71,42.4,1.1832,393479.0
2005-12-22,58.08,21369.5,10701.289063,1277.0,10701.299805,10889.44,8941.0,1061.0,2.7833,1.0015,10717.200195,10928.34,1.1902,0.2,10668.5,10785.93,1.181,19509.2,10675.799805,10831.56,1.1837,1860.3,8.71,42.4,1.1869,393479.0
2005-12-23,58.08,21369.5,10723.889648,1277.0,10723.900391,10883.27,8941.0,1061.0,2.7833,1.0015,10753.299805,10940.66,1.1885,0.2,10704.200195,10840.53,1.1829,19509.2,10725.799805,10883.27,1.1869,1860.3,8.71,42.4,1.1875,393479.0
2005-12-24,58.08,21369.5,10723.889648,1277.0,10723.900391,10883.27,8941.0,1061.0,2.7833,1.0015,10753.299805,10940.66,1.1885,0.2,10704.200195,10840.53,1.1829,19509.2,10725.799805,10883.27,1.1869,1860.3,8.71,42.4,1.1875,393479.0
2005-12-25,58.08,21369.5,10723.889648,1277.0,10723.900391,10883.27,8941.0,1061.0,2.7833,1.0015,10753.299805,10940.66,1.1885,0.2,10704.200195,10840.53,1.1829,19509.2,10725.799805,10883.27,1.1869,1860.3,8.71,42.4,1.1875,393479.0
2005-12-26,58.08,21369.5,10723.889648,1277.0,10723.900391,10883.27,8941.0,1061.0,2.7833,1.0015,10753.299805,10940.66,1.1867,0.2,10704.200195,10840.53,1.1831,19509.2,10725.799805,10883.27,1.186,1860.3,8.71,42.4,1.1848,393479.0
2005-12-27,58.08,21369.5,10772.689453,1277.0,10772.700195,10777.77,8941.0,1061.0,2.7833,1.0015,10791.5,10956.99,1.1881,0.2,10716.099609,10754.16,1.1829,19509.2,10718.299805,10883.75,1.1848,1860.3,8.71,42.4,1.1831,393479.0
2005-12-28,58.08,21369.5,10769.489258,1277.0,10769.5,10796.26,8941.0,1061.0,2.7833,1.0015,10781.400391,10858.07,1.1936,0.2,10741.799805,10750.4,1.1814,19509.2,10747.200195,10778.25,1.1829,1860.3,8.71,42.4,1.1835,393479.0
2005-12-29,58.08,21369.5,10778.088867,1277.0,10778.099609,10784.82,8941.0,1061.0,2.7833,1.0015,10811.900391,10870.71,1.1884,0.2,10765.200195,10747.76,1.1816,19509.2,10787.400391,10795.7,1.1836,1860.3,8.71,42.4,1.1844,393479.0
2005-12-30,58.08,21369.5,10733.889648,1277.0,10733.900391,10717.5,8941.0,1061.0,2.7833,1.0015,10771.400391,10801.87,1.189,0.2,10696.900391,10675.64,1.1778,19509.2,10767.799805,10783.86,1.1845,1860.3,8.71,42.4,1.1843,393479.0
2005-12-31,58.08,21369.5,10733.889648,1277.0,10733.900391,10717.5,8941.0,1061.0,2.7833,1.0015,10771.400391,10801.87,1.189,0.2,10696.900391,10675.64,1.1778,19509.2,10767.799805,10783.86,1.1845,1860.3,8.71,42.4,1.1843,393479.0
2006-01-01,58.3,21521.3,10733.889648,1323.0,10733.900391,10717.5,8756.0,1017.0,2.8335,1.1505,10771.400391,10801.87,1.189,0.2,10696.900391,10675.64,1.1778,19578.4,10767.799805,10783.86,1.1845,1942.8,9.03,39.1,1.1843,392132.0
